community_id,n_nodes_fixed,n_vertices_fixed,n_edges_fixed,is_connected_fixed,diameter_fixed,n_nodes_orig,n_vertices_orig,n_edges_orig,is_connected_orig,diameter_orig,diameter_diff
591,2,2,1,TRUE,1,2,2,0,FALSE,,
592,2,2,1,TRUE,1,2,2,0,FALSE,,
593,2,2,1,TRUE,1,2,2,0,FALSE,,
594,2,2,1,TRUE,1,2,2,0,FALSE,,
595,3,3,2,TRUE,2,3,3,0,FALSE,,
596,4,4,3,TRUE,3,4,4,0,FALSE,,
597,3,3,2,TRUE,2,3,3,0,FALSE,,
598,3,3,2,TRUE,2,3,3,0,FALSE,,
599,3,3,2,TRUE,2,3,3,0,FALSE,,
600,3,3,2,TRUE,2,3,3,0,FALSE,,
601,3,3,2,TRUE,2,3,3,0,FALSE,,
602,2,2,1,TRUE,1,2,2,0,FALSE,,
603,2,2,1,TRUE,1,2,2,0,FALSE,,
604,2,2,1,TRUE,1,2,2,0,FALSE,,
605,2,2,1,TRUE,1,2,2,0,FALSE,,
606,2,2,1,TRUE,1,2,2,0,FALSE,,
607,2,2,1,TRUE,1,2,2,0,FALSE,,
608,2,2,1,TRUE,1,2,2,0,FALSE,,
609,2,2,1,TRUE,1,2,2,0,FALSE,,
610,2,2,1,TRUE,1,2,2,0,FALSE,,
611,3,3,2,TRUE,2,3,3,0,FALSE,,
612,2,2,1,TRUE,1,2,2,0,FALSE,,
613,2,2,1,TRUE,1,2,2,0,FALSE,,
614,2,2,1,TRUE,1,2,2,0,FALSE,,
615,2,2,1,TRUE,1,2,2,0,FALSE,,
616,2,2,1,TRUE,1,2,2,0,FALSE,,
617,2,2,1,TRUE,1,2,2,0,FALSE,,
618,2,2,1,TRUE,1,2,2,0,FALSE,,
619,2,2,1,TRUE,1,2,2,0,FALSE,,
620,2,2,1,TRUE,1,2,2,0,FALSE,,
621,2,2,1,TRUE,1,2,2,0,FALSE,,
622,2,2,1,TRUE,1,2,2,0,FALSE,,
623,2,2,1,TRUE,1,2,2,0,FALSE,,
624,2,2,1,TRUE,1,2,2,0,FALSE,,
625,2,2,1,TRUE,1,2,2,0,FALSE,,
626,2,2,1,TRUE,1,2,2,0,FALSE,,
627,4,4,3,TRUE,3,4,4,0,FALSE,,
628,3,3,2,TRUE,2,3,3,0,FALSE,,
629,7,7,6,TRUE,4,7,7,0,FALSE,,
630,5,5,4,TRUE,4,5,5,0,FALSE,,
631,6,6,5,TRUE,4,6,6,0,FALSE,,
632,4,4,3,TRUE,3,4,4,0,FALSE,,
633,2,2,1,TRUE,1,2,2,0,FALSE,,
634,3,3,2,TRUE,2,3,3,0,FALSE,,
635,2,2,1,TRUE,1,2,2,0,FALSE,,
636,2,2,1,TRUE,1,2,2,0,FALSE,,
637,4,4,3,TRUE,3,4,4,0,FALSE,,
638,2,2,1,TRUE,1,2,2,0,FALSE,,
639,3,3,2,TRUE,2,3,3,0,FALSE,,
640,2,2,1,TRUE,1,2,2,0,FALSE,,
641,2,2,1,TRUE,1,2,2,0,FALSE,,
642,2,2,1,TRUE,1,2,2,0,FALSE,,
643,2,2,1,TRUE,1,2,2,0,FALSE,,
644,2,2,1,TRUE,1,2,2,0,FALSE,,
645,3,3,2,TRUE,2,2,2,0,FALSE,,
646,2,2,1,TRUE,1,3,3,0,FALSE,,
647,2,2,1,TRUE,1,2,2,0,FALSE,,
648,2,2,1,TRUE,1,2,2,0,FALSE,,
649,2,2,1,TRUE,1,2,2,0,FALSE,,
650,3,3,2,TRUE,2,2,2,0,FALSE,,
651,2,2,1,TRUE,1,3,3,0,FALSE,,
652,2,2,1,TRUE,1,2,2,0,FALSE,,
653,2,2,1,TRUE,1,2,2,0,FALSE,,
654,2,2,1,TRUE,1,2,2,0,FALSE,,
655,2,2,1,TRUE,1,2,2,0,FALSE,,
656,4,4,3,TRUE,3,4,4,0,FALSE,,
657,3,3,2,TRUE,2,3,3,0,FALSE,,
658,3,3,2,TRUE,2,3,3,0,FALSE,,
659,2,2,1,TRUE,1,2,2,0,FALSE,,
660,2,2,1,TRUE,1,2,2,0,FALSE,,
661,2,2,1,TRUE,1,2,2,0,FALSE,,
662,2,2,1,TRUE,1,2,2,0,FALSE,,
663,2,2,1,TRUE,1,2,2,0,FALSE,,
664,2,2,1,TRUE,1,2,2,0,FALSE,,
665,2,2,1,TRUE,1,2,2,0,FALSE,,
666,2,2,1,TRUE,1,2,2,0,FALSE,,
667,2,2,1,TRUE,1,2,2,0,FALSE,,
668,2,2,1,TRUE,1,2,2,0,FALSE,,
669,2,2,1,TRUE,1,2,2,0,FALSE,,
670,2,2,1,TRUE,1,2,2,0,FALSE,,
671,2,2,1,TRUE,1,2,2,0,FALSE,,
672,2,2,1,TRUE,1,2,2,0,FALSE,,
673,2,2,1,TRUE,1,2,2,0,FALSE,,
674,2,2,1,TRUE,1,2,2,0,FALSE,,
675,2,2,1,TRUE,1,2,2,0,FALSE,,
676,2,2,1,TRUE,1,2,2,0,FALSE,,
677,2,2,1,TRUE,1,2,2,0,FALSE,,
678,2,2,1,TRUE,1,2,2,0,FALSE,,
679,4,4,3,TRUE,3,4,4,0,FALSE,,
680,3,3,2,TRUE,2,3,3,0,FALSE,,
681,3,3,2,TRUE,2,3,3,0,FALSE,,
682,2,2,1,TRUE,1,2,2,0,FALSE,,
683,2,2,1,TRUE,1,2,2,0,FALSE,,
684,3,3,2,TRUE,2,3,3,0,FALSE,,
685,2,2,1,TRUE,1,2,2,0,FALSE,,
686,2,2,1,TRUE,1,2,2,0,FALSE,,
687,2,2,1,TRUE,1,2,2,0,FALSE,,
688,2,2,1,TRUE,1,2,2,0,FALSE,,
689,2,2,1,TRUE,1,2,2,0,FALSE,,
690,2,2,1,TRUE,1,2,2,0,FALSE,,
691,2,2,1,TRUE,1,2,2,0,FALSE,,
692,2,2,1,TRUE,1,2,2,0,FALSE,,
693,2,2,1,TRUE,1,2,2,0,FALSE,,
694,2,2,1,TRUE,1,2,2,0,FALSE,,
695,4,4,3,TRUE,3,4,4,0,FALSE,,
696,3,3,2,TRUE,2,3,3,0,FALSE,,
697,3,3,2,TRUE,2,3,3,0,FALSE,,
698,3,3,2,TRUE,2,3,3,0,FALSE,,
699,2,2,1,TRUE,1,2,2,0,FALSE,,
700,2,2,1,TRUE,1,2,2,0,FALSE,,
701,4,4,3,TRUE,3,4,4,0,FALSE,,
702,3,3,2,TRUE,2,3,3,0,FALSE,,
703,3,3,2,TRUE,2,3,3,0,FALSE,,
704,2,2,1,TRUE,1,2,2,0,FALSE,,
705,2,2,1,TRUE,1,2,2,0,FALSE,,
706,2,2,1,TRUE,1,2,2,0,FALSE,,
707,2,2,1,TRUE,1,2,2,0,FALSE,,
708,2,2,1,TRUE,1,2,2,0,FALSE,,
709,2,2,1,TRUE,1,2,2,0,FALSE,,
710,2,2,1,TRUE,1,2,2,0,FALSE,,
711,2,2,1,TRUE,1,2,2,0,FALSE,,
712,2,2,1,TRUE,1,2,2,0,FALSE,,
713,2,2,1,TRUE,1,2,2,0,FALSE,,
714,2,2,1,TRUE,1,2,2,0,FALSE,,
715,2,2,1,TRUE,1,2,2,0,FALSE,,
716,2,2,1,TRUE,1,2,2,0,FALSE,,
717,2,2,1,TRUE,1,2,2,0,FALSE,,
718,2,2,1,TRUE,1,2,2,0,FALSE,,
719,2,2,1,TRUE,1,2,2,0,FALSE,,
720,2,2,1,TRUE,1,2,2,0,FALSE,,
721,2,2,1,TRUE,1,2,2,0,FALSE,,
722,2,2,1,TRUE,1,2,2,0,FALSE,,
723,2,2,1,TRUE,1,2,2,0,FALSE,,
724,2,2,1,TRUE,1,2,2,0,FALSE,,
725,4,4,3,TRUE,3,4,4,0,FALSE,,
726,3,3,2,TRUE,2,3,3,0,FALSE,,
727,3,3,2,TRUE,2,3,3,0,FALSE,,
728,3,3,2,TRUE,2,3,3,0,FALSE,,
729,3,3,2,TRUE,2,3,3,0,FALSE,,
730,3,3,2,TRUE,2,3,3,0,FALSE,,
731,3,3,2,TRUE,2,3,3,0,FALSE,,
732,3,3,2,TRUE,2,3,3,0,FALSE,,
733,5,5,4,TRUE,4,5,5,0,FALSE,,
734,3,3,2,TRUE,2,3,3,0,FALSE,,
735,3,3,2,TRUE,2,3,3,0,FALSE,,
736,3,3,2,TRUE,2,3,3,0,FALSE,,
737,2,2,1,TRUE,1,2,2,0,FALSE,,
738,2,2,1,TRUE,1,2,2,0,FALSE,,
739,3,3,2,TRUE,2,3,3,0,FALSE,,
740,2,2,1,TRUE,1,2,2,0,FALSE,,
741,2,2,1,TRUE,1,2,2,0,FALSE,,
742,2,2,1,TRUE,1,2,2,0,FALSE,,
743,2,2,1,TRUE,1,2,2,0,FALSE,,
744,2,2,1,TRUE,1,2,2,0,FALSE,,
745,2,2,1,TRUE,1,2,2,0,FALSE,,
746,2,2,1,TRUE,1,2,2,0,FALSE,,
747,2,2,1,TRUE,1,2,2,0,FALSE,,
748,2,2,1,TRUE,1,2,2,0,FALSE,,
749,3,3,2,TRUE,2,2,2,0,FALSE,,
750,2,2,1,TRUE,1,3,3,0,FALSE,,
751,2,2,1,TRUE,1,2,2,0,FALSE,,
752,2,2,1,TRUE,1,2,2,0,FALSE,,
753,2,2,1,TRUE,1,2,2,0,FALSE,,
754,2,2,1,TRUE,1,2,2,0,FALSE,,
755,2,2,1,TRUE,1,2,2,0,FALSE,,
756,2,2,1,TRUE,1,2,2,0,FALSE,,
757,2,2,1,TRUE,1,2,2,0,FALSE,,
758,2,2,1,TRUE,1,2,2,0,FALSE,,
759,2,2,1,TRUE,1,2,2,0,FALSE,,
760,2,2,1,TRUE,1,2,2,0,FALSE,,
761,2,2,1,TRUE,1,2,2,0,FALSE,,
762,2,2,1,TRUE,1,2,2,0,FALSE,,
763,2,2,1,TRUE,1,2,2,0,FALSE,,
764,2,2,1,TRUE,1,2,2,0,FALSE,,
765,2,2,1,TRUE,1,2,2,0,FALSE,,
766,2,2,1,TRUE,1,2,2,0,FALSE,,
767,3,3,2,TRUE,2,3,3,0,FALSE,,
768,2,2,1,TRUE,1,2,2,0,FALSE,,
769,2,2,1,TRUE,1,2,2,0,FALSE,,
770,2,2,1,TRUE,1,2,2,0,FALSE,,
771,2,2,1,TRUE,1,2,2,0,FALSE,,
772,3,3,2,TRUE,2,3,3,0,FALSE,,
773,3,3,2,TRUE,2,3,3,0,FALSE,,
774,3,3,2,TRUE,2,3,3,0,FALSE,,
775,2,2,1,TRUE,1,2,2,0,FALSE,,
776,2,2,1,TRUE,1,2,2,0,FALSE,,
777,4,4,3,TRUE,3,4,4,0,FALSE,,
778,3,3,2,TRUE,2,3,3,0,FALSE,,
779,3,3,2,TRUE,2,3,3,0,FALSE,,
780,2,2,1,TRUE,1,2,2,0,FALSE,,
781,2,2,1,TRUE,1,2,2,0,FALSE,,
782,2,2,1,TRUE,1,2,2,0,FALSE,,
783,2,2,1,TRUE,1,2,2,0,FALSE,,
784,2,2,1,TRUE,1,2,2,0,FALSE,,
785,2,2,1,TRUE,1,2,2,0,FALSE,,
786,2,2,1,TRUE,1,2,2,0,FALSE,,
787,2,2,1,TRUE,1,2,2,0,FALSE,,
788,2,2,1,TRUE,1,2,2,0,FALSE,,
789,2,2,1,TRUE,1,2,2,0,FALSE,,
790,2,2,1,TRUE,1,2,2,0,FALSE,,
791,2,2,1,TRUE,1,2,2,0,FALSE,,
792,2,2,1,TRUE,1,2,2,0,FALSE,,
793,2,2,1,TRUE,1,2,2,0,FALSE,,
794,2,2,1,TRUE,1,2,2,0,FALSE,,
795,2,2,1,TRUE,1,2,2,0,FALSE,,
796,2,2,1,TRUE,1,2,2,0,FALSE,,
797,2,2,1,TRUE,1,2,2,0,FALSE,,
798,2,2,1,TRUE,1,2,2,0,FALSE,,
799,2,2,1,TRUE,1,2,2,0,FALSE,,
800,2,2,1,TRUE,1,2,2,0,FALSE,,
801,2,2,1,TRUE,1,2,2,0,FALSE,,
802,2,2,1,TRUE,1,2,2,0,FALSE,,
803,2,2,1,TRUE,1,2,2,0,FALSE,,
804,4,4,3,TRUE,3,4,4,0,FALSE,,
805,3,3,2,TRUE,2,3,3,0,FALSE,,
806,3,3,2,TRUE,2,3,3,0,FALSE,,
807,2,2,1,TRUE,1,2,2,0,FALSE,,
808,2,2,1,TRUE,1,2,2,0,FALSE,,
809,2,2,1,TRUE,1,2,2,0,FALSE,,
810,2,2,1,TRUE,1,2,2,0,FALSE,,
811,2,2,1,TRUE,1,2,2,0,FALSE,,
812,2,2,1,TRUE,1,2,2,0,FALSE,,
813,2,2,1,TRUE,1,2,2,0,FALSE,,
814,2,2,1,TRUE,1,2,2,0,FALSE,,
815,2,2,1,TRUE,1,2,2,0,FALSE,,
816,2,2,1,TRUE,1,2,2,0,FALSE,,
817,2,2,1,TRUE,1,2,2,0,FALSE,,
818,2,2,1,TRUE,1,2,2,0,FALSE,,
819,2,2,1,TRUE,1,2,2,0,FALSE,,
820,2,2,1,TRUE,1,2,2,0,FALSE,,
821,2,2,1,TRUE,1,2,2,0,FALSE,,
822,2,2,1,TRUE,1,2,2,0,FALSE,,
823,2,2,1,TRUE,1,2,2,0,FALSE,,
824,2,2,1,TRUE,1,2,2,0,FALSE,,
825,2,2,1,TRUE,1,2,2,0,FALSE,,
826,2,2,1,TRUE,1,2,2,0,FALSE,,
827,2,2,1,TRUE,1,2,2,0,FALSE,,
828,2,2,1,TRUE,1,2,2,0,FALSE,,
829,2,2,1,TRUE,1,2,2,0,FALSE,,
830,2,2,1,TRUE,1,2,2,0,FALSE,,
831,2,2,1,TRUE,1,2,2,0,FALSE,,
832,2,2,1,TRUE,1,2,2,0,FALSE,,
833,2,2,1,TRUE,1,2,2,0,FALSE,,
834,2,2,1,TRUE,1,2,2,0,FALSE,,
835,3,3,2,TRUE,2,3,3,0,FALSE,,
836,4,4,3,TRUE,3,4,4,0,FALSE,,
837,3,3,2,TRUE,2,3,3,0,FALSE,,
838,3,3,2,TRUE,2,3,3,0,FALSE,,
839,2,2,1,TRUE,1,2,2,0,FALSE,,
840,2,2,1,TRUE,1,2,2,0,FALSE,,
841,2,2,1,TRUE,1,2,2,0,FALSE,,
842,3,3,2,TRUE,2,3,3,0,FALSE,,
843,2,2,1,TRUE,1,2,2,0,FALSE,,
844,2,2,1,TRUE,1,2,2,0,FALSE,,
845,2,2,1,TRUE,1,2,2,0,FALSE,,
846,2,2,1,TRUE,1,2,2,0,FALSE,,
847,2,2,1,TRUE,1,2,2,0,FALSE,,
848,2,2,1,TRUE,1,2,2,0,FALSE,,
849,2,2,1,TRUE,1,2,2,0,FALSE,,
850,2,2,1,TRUE,1,2,2,0,FALSE,,
851,2,2,1,TRUE,1,2,2,0,FALSE,,
852,2,2,1,TRUE,1,2,2,0,FALSE,,
853,2,2,1,TRUE,1,2,2,0,FALSE,,
854,2,2,1,TRUE,1,2,2,0,FALSE,,
855,2,2,1,TRUE,1,2,2,0,FALSE,,
856,2,2,1,TRUE,1,2,2,0,FALSE,,
857,2,2,1,TRUE,1,2,2,0,FALSE,,
858,2,2,1,TRUE,1,2,2,0,FALSE,,
859,4,4,3,TRUE,3,4,4,0,FALSE,,
860,3,3,2,TRUE,2,3,3,0,FALSE,,
861,3,3,2,TRUE,2,3,3,0,FALSE,,
862,3,3,2,TRUE,2,3,3,0,FALSE,,
863,3,3,2,TRUE,2,3,3,0,FALSE,,
864,2,2,1,TRUE,1,2,2,0,FALSE,,
865,2,2,1,TRUE,1,2,2,0,FALSE,,
866,4,4,3,TRUE,3,4,4,0,FALSE,,
867,3,3,2,TRUE,2,3,3,0,FALSE,,
868,3,3,2,TRUE,2,3,3,0,FALSE,,
869,2,2,1,TRUE,1,2,2,0,FALSE,,
870,2,2,1,TRUE,1,2,2,0,FALSE,,
871,2,2,1,TRUE,1,2,2,0,FALSE,,
872,3,3,2,TRUE,2,3,3,0,FALSE,,
873,2,2,1,TRUE,1,2,2,0,FALSE,,
874,2,2,1,TRUE,1,2,2,0,FALSE,,
875,2,2,1,TRUE,1,2,2,0,FALSE,,
876,2,2,1,TRUE,1,2,2,0,FALSE,,
877,2,2,1,TRUE,1,2,2,0,FALSE,,
878,2,2,1,TRUE,1,2,2,0,FALSE,,
879,2,2,1,TRUE,1,2,2,0,FALSE,,
880,2,2,1,TRUE,1,2,2,0,FALSE,,
881,2,2,1,TRUE,1,2,2,0,FALSE,,
882,3,3,2,TRUE,2,3,3,0,FALSE,,
883,4,4,3,TRUE,3,4,4,0,FALSE,,
884,3,3,2,TRUE,2,3,3,0,FALSE,,
885,3,3,2,TRUE,2,3,3,0,FALSE,,
886,5,5,4,TRUE,4,5,5,0,FALSE,,
887,3,3,2,TRUE,2,3,3,0,FALSE,,
888,2,2,1,TRUE,1,2,2,0,FALSE,,
889,2,2,1,TRUE,1,2,2,0,FALSE,,
890,2,2,1,TRUE,1,2,2,0,FALSE,,
891,2,2,1,TRUE,1,2,2,0,FALSE,,
892,2,2,1,TRUE,1,2,2,0,FALSE,,
893,2,2,1,TRUE,1,2,2,0,FALSE,,
894,2,2,1,TRUE,1,2,2,0,FALSE,,
895,2,2,1,TRUE,1,2,2,0,FALSE,,
896,2,2,1,TRUE,1,2,2,0,FALSE,,
897,2,2,1,TRUE,1,2,2,0,FALSE,,
898,2,2,1,TRUE,1,2,2,0,FALSE,,
899,2,2,1,TRUE,1,2,2,0,FALSE,,
900,2,2,1,TRUE,1,2,2,0,FALSE,,
901,2,2,1,TRUE,1,2,2,0,FALSE,,
902,2,2,1,TRUE,1,2,2,0,FALSE,,
903,3,3,2,TRUE,2,3,3,0,FALSE,,
904,2,2,1,TRUE,1,2,2,0,FALSE,,
905,2,2,1,TRUE,1,2,2,0,FALSE,,
906,3,3,2,TRUE,2,3,3,0,FALSE,,
907,2,2,1,TRUE,1,2,2,0,FALSE,,
908,4,4,3,TRUE,3,4,4,0,FALSE,,
909,4,4,3,TRUE,3,2,2,0,FALSE,,
910,2,2,1,TRUE,1,4,4,0,FALSE,,
911,3,3,2,TRUE,2,3,3,0,FALSE,,
912,2,2,1,TRUE,1,2,2,0,FALSE,,
913,2,2,1,TRUE,1,2,2,0,FALSE,,
914,2,2,1,TRUE,1,2,2,0,FALSE,,
915,2,2,1,TRUE,1,2,2,0,FALSE,,
916,2,2,1,TRUE,1,2,2,0,FALSE,,
917,2,2,1,TRUE,1,2,2,0,FALSE,,
918,2,2,1,TRUE,1,2,2,0,FALSE,,
919,2,2,1,TRUE,1,2,2,0,FALSE,,
920,3,3,2,TRUE,2,3,3,0,FALSE,,
921,2,2,1,TRUE,1,2,2,0,FALSE,,
922,2,2,1,TRUE,1,2,2,0,FALSE,,
923,2,2,1,TRUE,1,2,2,0,FALSE,,
924,2,2,1,TRUE,1,2,2,0,FALSE,,
925,2,2,1,TRUE,1,2,2,0,FALSE,,
926,2,2,1,TRUE,1,2,2,0,FALSE,,
927,2,2,1,TRUE,1,2,2,0,FALSE,,
928,2,2,1,TRUE,1,2,2,0,FALSE,,
929,4,4,3,TRUE,3,4,4,0,FALSE,,
930,3,3,2,TRUE,2,3,3,0,FALSE,,
931,3,3,2,TRUE,2,3,3,0,FALSE,,
932,2,2,1,TRUE,1,2,2,0,FALSE,,
933,3,3,2,TRUE,2,2,2,0,FALSE,,
934,2,2,1,TRUE,1,3,3,0,FALSE,,
935,2,2,1,TRUE,1,2,2,0,FALSE,,
936,2,2,1,TRUE,1,2,2,0,FALSE,,
937,2,2,1,TRUE,1,2,2,0,FALSE,,
938,2,2,1,TRUE,1,2,2,0,FALSE,,
939,2,2,1,TRUE,1,2,2,0,FALSE,,
940,2,2,1,TRUE,1,2,2,0,FALSE,,
941,3,3,2,TRUE,2,3,3,0,FALSE,,
942,4,4,3,TRUE,3,4,4,0,FALSE,,
943,3,3,2,TRUE,2,3,3,0,FALSE,,
944,3,3,2,TRUE,2,3,3,0,FALSE,,
945,2,2,1,TRUE,1,2,2,0,FALSE,,
946,2,2,1,TRUE,1,2,2,0,FALSE,,
947,2,2,1,TRUE,1,2,2,0,FALSE,,
948,2,2,1,TRUE,1,2,2,0,FALSE,,
949,4,4,3,TRUE,3,4,4,0,FALSE,,
950,3,3,2,TRUE,2,3,3,0,FALSE,,
951,3,3,2,TRUE,2,3,3,0,FALSE,,
952,2,2,1,TRUE,1,2,2,0,FALSE,,
953,2,2,1,TRUE,1,2,2,0,FALSE,,
954,2,2,1,TRUE,1,2,2,0,FALSE,,
955,3,3,2,TRUE,2,3,3,0,FALSE,,
956,2,2,1,TRUE,1,2,2,0,FALSE,,
957,2,2,1,TRUE,1,2,2,0,FALSE,,
958,2,2,1,TRUE,1,2,2,0,FALSE,,
959,2,2,1,TRUE,1,2,2,0,FALSE,,
960,2,2,1,TRUE,1,2,2,0,FALSE,,
961,2,2,1,TRUE,1,2,2,0,FALSE,,
962,2,2,1,TRUE,1,2,2,0,FALSE,,
963,2,2,1,TRUE,1,2,2,0,FALSE,,
964,2,2,1,TRUE,1,2,2,0,FALSE,,
965,2,2,1,TRUE,1,2,2,0,FALSE,,
966,2,2,1,TRUE,1,2,2,0,FALSE,,
967,2,2,1,TRUE,1,2,2,0,FALSE,,
968,2,2,1,TRUE,1,2,2,0,FALSE,,
969,2,2,1,TRUE,1,2,2,0,FALSE,,
970,2,2,1,TRUE,1,3,3,0,FALSE,,
971,3,3,2,TRUE,2,2,2,0,FALSE,,
972,4,4,3,TRUE,3,4,4,0,FALSE,,
973,3,3,2,TRUE,2,3,3,0,FALSE,,
974,3,3,2,TRUE,2,3,3,0,FALSE,,
975,2,2,1,TRUE,1,2,2,0,FALSE,,
976,2,2,1,TRUE,1,2,2,0,FALSE,,
977,2,2,1,TRUE,1,2,2,0,FALSE,,
978,2,2,1,TRUE,1,2,2,0,FALSE,,
979,2,2,1,TRUE,1,2,2,0,FALSE,,
980,2,2,1,TRUE,1,2,2,0,FALSE,,
981,2,2,1,TRUE,1,2,2,0,FALSE,,
982,2,2,1,TRUE,1,2,2,0,FALSE,,
983,2,2,1,TRUE,1,2,2,0,FALSE,,
984,2,2,1,TRUE,1,2,2,0,FALSE,,
985,2,2,1,TRUE,1,2,2,0,FALSE,,
986,2,2,1,TRUE,1,2,2,0,FALSE,,
987,2,2,1,TRUE,1,2,2,0,FALSE,,
988,2,2,1,TRUE,1,2,2,0,FALSE,,
989,2,2,1,TRUE,1,2,2,0,FALSE,,
990,2,2,1,TRUE,1,2,2,0,FALSE,,
991,2,2,1,TRUE,1,2,2,0,FALSE,,
992,2,2,1,TRUE,1,2,2,0,FALSE,,
993,2,2,1,TRUE,1,2,2,0,FALSE,,
994,2,2,1,TRUE,1,2,2,0,FALSE,,
995,2,2,1,TRUE,1,2,2,0,FALSE,,
996,2,2,1,TRUE,1,2,2,0,FALSE,,
997,2,2,1,TRUE,1,2,2,0,FALSE,,
998,2,2,1,TRUE,1,2,2,0,FALSE,,
999,2,2,1,TRUE,1,2,2,0,FALSE,,
1000,2,2,1,TRUE,1,2,2,0,FALSE,,
1001,2,2,1,TRUE,1,2,2,0,FALSE,,
1002,2,2,1,TRUE,1,2,2,0,FALSE,,
1003,2,2,1,TRUE,1,2,2,0,FALSE,,
1004,2,2,1,TRUE,1,2,2,0,FALSE,,
1005,2,2,1,TRUE,1,2,2,0,FALSE,,
1006,2,2,1,TRUE,1,2,2,0,FALSE,,
1007,2,2,1,TRUE,1,2,2,0,FALSE,,
1008,4,4,3,TRUE,3,4,4,0,FALSE,,
1009,3,3,2,TRUE,2,3,3,0,FALSE,,
1010,3,3,2,TRUE,2,3,3,0,FALSE,,
1011,3,3,2,TRUE,2,3,3,0,FALSE,,
1012,2,2,1,TRUE,1,2,2,0,FALSE,,
1013,2,2,1,TRUE,1,2,2,0,FALSE,,
1014,3,3,2,TRUE,2,3,3,0,FALSE,,
1015,2,2,1,TRUE,1,2,2,0,FALSE,,
1016,2,2,1,TRUE,1,2,2,0,FALSE,,
1017,2,2,1,TRUE,1,2,2,0,FALSE,,
1018,2,2,1,TRUE,1,2,2,0,FALSE,,
1019,2,2,1,TRUE,1,2,2,0,FALSE,,
1020,2,2,1,TRUE,1,2,2,0,FALSE,,
1021,2,2,1,TRUE,1,2,2,0,FALSE,,
1022,2,2,1,TRUE,1,2,2,0,FALSE,,
1023,2,2,1,TRUE,1,2,2,0,FALSE,,
1024,3,3,2,TRUE,2,2,2,0,FALSE,,
1025,2,2,1,TRUE,1,3,3,0,FALSE,,
1026,2,2,1,TRUE,1,2,2,0,FALSE,,
1027,2,2,1,TRUE,1,2,2,0,FALSE,,
1028,2,2,1,TRUE,1,2,2,0,FALSE,,
1029,2,2,1,TRUE,1,2,2,0,FALSE,,
1030,2,2,1,TRUE,1,2,2,0,FALSE,,
1031,2,2,1,TRUE,1,2,2,0,FALSE,,
1032,2,2,1,TRUE,1,2,2,0,FALSE,,
1033,2,2,1,TRUE,1,2,2,0,FALSE,,
1034,2,2,1,TRUE,1,2,2,0,FALSE,,
1035,2,2,1,TRUE,1,2,2,0,FALSE,,
1036,2,2,1,TRUE,1,2,2,0,FALSE,,
1037,2,2,1,TRUE,1,2,2,0,FALSE,,
1038,2,2,1,TRUE,1,2,2,0,FALSE,,
1039,2,2,1,TRUE,1,2,2,0,FALSE,,
1040,2,2,1,TRUE,1,2,2,0,FALSE,,
1041,3,3,2,TRUE,2,3,3,0,FALSE,,
1042,2,2,1,TRUE,1,2,2,0,FALSE,,
1043,2,2,1,TRUE,1,2,2,0,FALSE,,
1044,2,2,1,TRUE,1,2,2,0,FALSE,,
1045,2,2,1,TRUE,1,2,2,0,FALSE,,
1046,2,2,1,TRUE,1,2,2,0,FALSE,,
1047,2,2,1,TRUE,1,2,2,0,FALSE,,
1048,2,2,1,TRUE,1,2,2,0,FALSE,,
1049,2,2,1,TRUE,1,2,2,0,FALSE,,
1050,2,2,1,TRUE,1,2,2,0,FALSE,,
1051,2,2,1,TRUE,1,2,2,0,FALSE,,
1052,2,2,1,TRUE,1,2,2,0,FALSE,,
1053,2,2,1,TRUE,1,2,2,0,FALSE,,
1054,2,2,1,TRUE,1,2,2,0,FALSE,,
1055,2,2,1,TRUE,1,2,2,0,FALSE,,
1056,2,2,1,TRUE,1,2,2,0,FALSE,,
1057,2,2,1,TRUE,1,2,2,0,FALSE,,
1058,2,2,1,TRUE,1,2,2,0,FALSE,,
1059,2,2,1,TRUE,1,2,2,0,FALSE,,
1060,3,3,2,TRUE,2,3,3,0,FALSE,,
1061,2,2,1,TRUE,1,2,2,0,FALSE,,
1062,2,2,1,TRUE,1,2,2,0,FALSE,,
1063,2,2,1,TRUE,1,2,2,0,FALSE,,
1064,2,2,1,TRUE,1,2,2,0,FALSE,,
1065,2,2,1,TRUE,1,2,2,0,FALSE,,
1066,2,2,1,TRUE,1,2,2,0,FALSE,,
1067,4,4,3,TRUE,3,4,4,0,FALSE,,
1068,3,3,2,TRUE,2,3,3,0,FALSE,,
1069,3,3,2,TRUE,2,3,3,0,FALSE,,
1070,3,3,2,TRUE,2,3,3,0,FALSE,,
1071,2,2,1,TRUE,1,2,2,0,FALSE,,
1072,2,2,1,TRUE,1,2,2,0,FALSE,,
1073,2,2,1,TRUE,1,2,2,0,FALSE,,
1074,2,2,1,TRUE,1,2,2,0,FALSE,,
1075,3,3,2,TRUE,2,3,3,0,FALSE,,
1076,4,4,3,TRUE,3,4,4,0,FALSE,,
1077,3,3,2,TRUE,2,3,3,0,FALSE,,
1078,3,3,2,TRUE,2,3,3,0,FALSE,,
1079,3,3,2,TRUE,2,3,3,0,FALSE,,
1080,2,2,1,TRUE,1,2,2,0,FALSE,,
1081,2,2,1,TRUE,1,2,2,0,FALSE,,
1082,2,2,1,TRUE,1,2,2,0,FALSE,,
1083,2,2,1,TRUE,1,2,2,0,FALSE,,
1084,4,4,3,TRUE,3,4,4,0,FALSE,,
1085,3,3,2,TRUE,2,3,3,0,FALSE,,
1086,3,3,2,TRUE,2,3,3,0,FALSE,,
1087,3,3,2,TRUE,2,3,3,0,FALSE,,
1088,3,3,2,TRUE,2,3,3,0,FALSE,,
1089,2,2,1,TRUE,1,2,2,0,FALSE,,
1090,2,2,1,TRUE,1,2,2,0,FALSE,,
1091,2,2,1,TRUE,1,2,2,0,FALSE,,
1092,2,2,1,TRUE,1,2,2,0,FALSE,,
1093,2,2,1,TRUE,1,2,2,0,FALSE,,
1094,2,2,1,TRUE,1,2,2,0,FALSE,,
1095,2,2,1,TRUE,1,2,2,0,FALSE,,
1096,4,4,3,TRUE,3,4,4,0,FALSE,,
1097,3,3,2,TRUE,2,3,3,0,FALSE,,
1098,3,3,2,TRUE,2,3,3,0,FALSE,,
1099,3,3,2,TRUE,2,3,3,0,FALSE,,
1100,3,3,2,TRUE,2,3,3,0,FALSE,,
1101,3,3,2,TRUE,2,3,3,0,FALSE,,
1102,2,2,1,TRUE,1,2,2,0,FALSE,,
1103,2,2,1,TRUE,1,2,2,0,FALSE,,
1104,2,2,1,TRUE,1,2,2,0,FALSE,,
1105,2,2,1,TRUE,1,2,2,0,FALSE,,
1106,3,3,2,TRUE,2,3,3,0,FALSE,,
1107,2,2,1,TRUE,1,2,2,0,FALSE,,
1108,3,3,2,TRUE,2,2,2,0,FALSE,,
1109,2,2,1,TRUE,1,3,3,0,FALSE,,
1110,2,2,1,TRUE,1,2,2,0,FALSE,,
1111,2,2,1,TRUE,1,2,2,0,FALSE,,
1112,2,2,1,TRUE,1,2,2,0,FALSE,,
1113,2,2,1,TRUE,1,2,2,0,FALSE,,
1114,2,2,1,TRUE,1,2,2,0,FALSE,,
1115,2,2,1,TRUE,1,2,2,0,FALSE,,
1116,2,2,1,TRUE,1,2,2,0,FALSE,,
1117,2,2,1,TRUE,1,2,2,0,FALSE,,
1118,2,2,1,TRUE,1,2,2,0,FALSE,,
1119,2,2,1,TRUE,1,2,2,0,FALSE,,
1120,2,2,1,TRUE,1,2,2,0,FALSE,,
1121,2,2,1,TRUE,1,2,2,0,FALSE,,
1122,2,2,1,TRUE,1,2,2,0,FALSE,,
1123,2,2,1,TRUE,1,2,2,0,FALSE,,
1124,2,2,1,TRUE,1,2,2,0,FALSE,,
1125,2,2,1,TRUE,1,2,2,0,FALSE,,
1126,2,2,1,TRUE,1,2,2,0,FALSE,,
1127,2,2,1,TRUE,1,2,2,0,FALSE,,
1128,2,2,1,TRUE,1,2,2,0,FALSE,,
1129,2,2,1,TRUE,1,2,2,0,FALSE,,
1130,2,2,1,TRUE,1,2,2,0,FALSE,,
1131,2,2,1,TRUE,1,2,2,0,FALSE,,
1132,2,2,1,TRUE,1,2,2,0,FALSE,,
1133,2,2,1,TRUE,1,3,3,0,FALSE,,
1134,3,3,2,TRUE,2,2,2,0,FALSE,,
1135,2,2,1,TRUE,1,2,2,0,FALSE,,
1136,2,2,1,TRUE,1,2,2,0,FALSE,,
1137,2,2,1,TRUE,1,2,2,0,FALSE,,
1138,2,2,1,TRUE,1,2,2,0,FALSE,,
1139,2,2,1,TRUE,1,2,2,0,FALSE,,
1140,2,2,1,TRUE,1,2,2,0,FALSE,,
1141,2,2,1,TRUE,1,2,2,0,FALSE,,
1142,2,2,1,TRUE,1,2,2,0,FALSE,,
1143,2,2,1,TRUE,1,2,2,0,FALSE,,
1144,2,2,1,TRUE,1,2,2,0,FALSE,,
1145,2,2,1,TRUE,1,2,2,0,FALSE,,
1146,2,2,1,TRUE,1,2,2,0,FALSE,,
1147,2,2,1,TRUE,1,2,2,0,FALSE,,
1148,2,2,1,TRUE,1,2,2,0,FALSE,,
1149,2,2,1,TRUE,1,2,2,0,FALSE,,
1150,2,2,1,TRUE,1,2,2,0,FALSE,,
1151,2,2,1,TRUE,1,2,2,0,FALSE,,
1152,4,4,3,TRUE,3,4,4,0,FALSE,,
1153,3,3,2,TRUE,2,3,3,0,FALSE,,
1154,3,3,2,TRUE,2,3,3,0,FALSE,,
1155,3,3,2,TRUE,2,3,3,0,FALSE,,
1156,2,2,1,TRUE,1,2,2,0,FALSE,,
1157,2,2,1,TRUE,1,2,2,0,FALSE,,
1158,2,2,1,TRUE,1,2,2,0,FALSE,,
1159,2,2,1,TRUE,1,2,2,0,FALSE,,
1160,2,2,1,TRUE,1,2,2,0,FALSE,,
1161,2,2,1,TRUE,1,2,2,0,FALSE,,
1162,2,2,1,TRUE,1,2,2,0,FALSE,,
1163,2,2,1,TRUE,1,2,2,0,FALSE,,
1164,2,2,1,TRUE,1,2,2,0,FALSE,,
1165,2,2,1,TRUE,1,2,2,0,FALSE,,
1166,4,4,3,TRUE,3,4,4,0,FALSE,,
1167,3,3,2,TRUE,2,3,3,0,FALSE,,
1168,2,2,1,TRUE,1,2,2,0,FALSE,,
1169,2,2,1,TRUE,1,2,2,0,FALSE,,
1170,2,2,1,TRUE,1,2,2,0,FALSE,,
1171,2,2,1,TRUE,1,2,2,0,FALSE,,
1172,4,4,3,TRUE,3,4,4,0,FALSE,,
1173,3,3,2,TRUE,2,3,3,0,FALSE,,
1174,3,3,2,TRUE,2,3,3,0,FALSE,,
1175,3,3,2,TRUE,2,3,3,0,FALSE,,
1176,2,2,1,TRUE,1,2,2,0,FALSE,,
1177,2,2,1,TRUE,1,2,2,0,FALSE,,
1178,2,2,1,TRUE,1,2,2,0,FALSE,,
1179,2,2,1,TRUE,1,2,2,0,FALSE,,
1180,2,2,1,TRUE,1,2,2,0,FALSE,,
1181,2,2,1,TRUE,1,2,2,0,FALSE,,
1182,4,4,3,TRUE,3,4,4,0,FALSE,,
1183,5,5,4,TRUE,4,5,5,0,FALSE,,
1184,3,3,2,TRUE,2,3,3,0,FALSE,,
1185,2,2,1,TRUE,1,2,2,0,FALSE,,
1186,2,2,1,TRUE,1,2,2,0,FALSE,,
1187,2,2,1,TRUE,1,2,2,0,FALSE,,
1188,2,2,1,TRUE,1,2,2,0,FALSE,,
1189,4,4,3,TRUE,3,4,4,0,FALSE,,
1190,3,3,2,TRUE,2,3,3,0,FALSE,,
1191,3,3,2,TRUE,2,3,3,0,FALSE,,
1192,2,2,1,TRUE,1,2,2,0,FALSE,,
1193,2,2,1,TRUE,1,2,2,0,FALSE,,
1194,2,2,1,TRUE,1,2,2,0,FALSE,,
1195,2,2,1,TRUE,1,2,2,0,FALSE,,
1196,2,2,1,TRUE,1,2,2,0,FALSE,,
1197,3,3,2,TRUE,2,2,2,0,FALSE,,
1198,2,2,1,TRUE,1,3,3,0,FALSE,,
1199,2,2,1,TRUE,1,2,2,0,FALSE,,
1200,2,2,1,TRUE,1,2,2,0,FALSE,,
1201,2,2,1,TRUE,1,2,2,0,FALSE,,
1202,2,2,1,TRUE,1,2,2,0,FALSE,,
1203,2,2,1,TRUE,1,2,2,0,FALSE,,
1204,2,2,1,TRUE,1,2,2,0,FALSE,,
1205,2,2,1,TRUE,1,2,2,0,FALSE,,
1206,2,2,1,TRUE,1,2,2,0,FALSE,,
1207,2,2,1,TRUE,1,2,2,0,FALSE,,
1208,2,2,1,TRUE,1,2,2,0,FALSE,,
1209,2,2,1,TRUE,1,2,2,0,FALSE,,
1210,2,2,1,TRUE,1,2,2,0,FALSE,,
1211,2,2,1,TRUE,1,2,2,0,FALSE,,
1212,2,2,1,TRUE,1,2,2,0,FALSE,,
1213,2,2,1,TRUE,1,2,2,0,FALSE,,
1214,2,2,1,TRUE,1,2,2,0,FALSE,,
1215,2,2,1,TRUE,1,2,2,0,FALSE,,
1216,2,2,1,TRUE,1,2,2,0,FALSE,,
1217,2,2,1,TRUE,1,2,2,0,FALSE,,
1218,2,2,1,TRUE,1,2,2,0,FALSE,,
1219,4,4,3,TRUE,3,4,4,0,FALSE,,
1220,3,3,2,TRUE,2,3,3,0,FALSE,,
1221,3,3,2,TRUE,2,3,3,0,FALSE,,
1222,2,2,1,TRUE,1,2,2,0,FALSE,,
1223,3,3,2,TRUE,2,2,2,0,FALSE,,
1224,2,2,1,TRUE,1,3,3,0,FALSE,,
1225,2,2,1,TRUE,1,2,2,0,FALSE,,
1226,2,2,1,TRUE,1,2,2,0,FALSE,,
1227,2,2,1,TRUE,1,2,2,0,FALSE,,
1228,2,2,1,TRUE,1,2,2,0,FALSE,,
1229,2,2,1,TRUE,1,2,2,0,FALSE,,
1230,2,2,1,TRUE,1,2,2,0,FALSE,,
1231,2,2,1,TRUE,1,2,2,0,FALSE,,
1232,2,2,1,TRUE,1,2,2,0,FALSE,,
1233,2,2,1,TRUE,1,2,2,0,FALSE,,
1234,2,2,1,TRUE,1,2,2,0,FALSE,,
1235,2,2,1,TRUE,1,2,2,0,FALSE,,
1236,2,2,1,TRUE,1,2,2,0,FALSE,,
1237,2,2,1,TRUE,1,2,2,0,FALSE,,
1238,2,2,1,TRUE,1,2,2,0,FALSE,,
1239,2,2,1,TRUE,1,2,2,0,FALSE,,
1240,2,2,1,TRUE,1,2,2,0,FALSE,,
1241,3,3,2,TRUE,2,3,3,0,FALSE,,
1242,2,2,1,TRUE,1,2,2,0,FALSE,,
1243,2,2,1,TRUE,1,2,2,0,FALSE,,
1244,2,2,1,TRUE,1,2,2,0,FALSE,,
1245,2,2,1,TRUE,1,2,2,0,FALSE,,
1246,2,2,1,TRUE,1,2,2,0,FALSE,,
1247,2,2,1,TRUE,1,2,2,0,FALSE,,
1248,4,4,3,TRUE,3,4,4,0,FALSE,,
1249,3,3,2,TRUE,2,3,3,0,FALSE,,
1250,3,3,2,TRUE,2,3,3,0,FALSE,,
1251,4,4,3,TRUE,3,4,4,0,FALSE,,
1252,3,3,2,TRUE,2,3,3,0,FALSE,,
1253,3,3,2,TRUE,2,3,3,0,FALSE,,
1254,3,3,2,TRUE,2,3,3,0,FALSE,,
1255,2,2,1,TRUE,1,2,2,0,FALSE,,
1256,2,2,1,TRUE,1,2,2,0,FALSE,,
1257,2,2,1,TRUE,1,2,2,0,FALSE,,
1258,2,2,1,TRUE,1,3,3,0,FALSE,,
1259,3,3,2,TRUE,2,2,2,0,FALSE,,
1260,2,2,1,TRUE,1,2,2,0,FALSE,,
1261,2,2,1,TRUE,1,2,2,0,FALSE,,
1262,2,2,1,TRUE,1,2,2,0,FALSE,,
1263,2,2,1,TRUE,1,2,2,0,FALSE,,
1264,2,2,1,TRUE,1,2,2,0,FALSE,,
1265,2,2,1,TRUE,1,2,2,0,FALSE,,
1266,2,2,1,TRUE,1,2,2,0,FALSE,,
1267,2,2,1,TRUE,1,2,2,0,FALSE,,
1268,3,3,2,TRUE,2,3,3,0,FALSE,,
1269,2,2,1,TRUE,1,2,2,0,FALSE,,
1270,2,2,1,TRUE,1,2,2,0,FALSE,,
1271,2,2,1,TRUE,1,2,2,0,FALSE,,
1272,2,2,1,TRUE,1,2,2,0,FALSE,,
1273,2,2,1,TRUE,1,2,2,0,FALSE,,
1274,2,2,1,TRUE,1,2,2,0,FALSE,,
1275,2,2,1,TRUE,1,2,2,0,FALSE,,
1276,2,2,1,TRUE,1,2,2,0,FALSE,,
1277,4,4,3,TRUE,3,4,4,0,FALSE,,
1278,3,3,2,TRUE,2,3,3,0,FALSE,,
1279,3,3,2,TRUE,2,3,3,0,FALSE,,
1280,3,3,2,TRUE,2,3,3,0,FALSE,,
1281,2,2,1,TRUE,1,2,2,0,FALSE,,
1282,2,2,1,TRUE,1,2,2,0,FALSE,,
1283,2,2,1,TRUE,1,2,2,0,FALSE,,
1284,2,2,1,TRUE,1,2,2,0,FALSE,,
1285,4,4,3,TRUE,3,4,4,0,FALSE,,
1286,3,3,2,TRUE,2,3,3,0,FALSE,,
1287,3,3,2,TRUE,2,3,3,0,FALSE,,
1288,4,4,3,TRUE,3,4,4,0,FALSE,,
1289,3,3,2,TRUE,2,3,3,0,FALSE,,
1290,3,3,2,TRUE,2,3,3,0,FALSE,,
1291,3,3,2,TRUE,2,3,3,0,FALSE,,
1292,2,2,1,TRUE,1,2,2,0,FALSE,,
1293,3,3,2,TRUE,2,3,3,0,FALSE,,
1294,2,2,1,TRUE,1,2,2,0,FALSE,,
1295,2,2,1,TRUE,1,2,2,0,FALSE,,
1296,2,2,1,TRUE,1,2,2,0,FALSE,,
1297,4,4,3,TRUE,3,4,4,0,FALSE,,
1298,3,3,2,TRUE,2,3,3,0,FALSE,,
1299,3,3,2,TRUE,2,3,3,0,FALSE,,
1300,2,2,1,TRUE,1,2,2,0,FALSE,,
1301,2,2,1,TRUE,1,2,2,0,FALSE,,
1302,2,2,1,TRUE,1,2,2,0,FALSE,,
1303,2,2,1,TRUE,1,2,2,0,FALSE,,
1304,2,2,1,TRUE,1,2,2,0,FALSE,,
1305,3,3,2,TRUE,2,2,2,0,FALSE,,
1306,2,2,1,TRUE,1,3,3,0,FALSE,,
1307,2,2,1,TRUE,1,2,2,0,FALSE,,
1308,3,3,2,TRUE,2,2,2,0,FALSE,,
1309,2,2,1,TRUE,1,3,3,0,FALSE,,
1310,2,2,1,TRUE,1,2,2,0,FALSE,,
1311,3,3,2,TRUE,2,2,2,0,FALSE,,
1312,2,2,1,TRUE,1,3,3,0,FALSE,,
1313,2,2,1,TRUE,1,2,2,0,FALSE,,
1314,2,2,1,TRUE,1,2,2,0,FALSE,,
1315,4,4,3,TRUE,3,4,4,0,FALSE,,
1316,5,5,4,TRUE,4,5,5,0,FALSE,,
1317,3,3,2,TRUE,2,3,3,0,FALSE,,
1318,3,3,2,TRUE,2,3,3,0,FALSE,,
1319,2,2,1,TRUE,1,2,2,0,FALSE,,
1320,2,2,1,TRUE,1,2,2,0,FALSE,,
1321,2,2,1,TRUE,1,2,2,0,FALSE,,
1322,2,2,1,TRUE,1,2,2,0,FALSE,,
1323,2,2,1,TRUE,1,2,2,0,FALSE,,
1324,2,2,1,TRUE,1,2,2,0,FALSE,,
1325,2,2,1,TRUE,1,2,2,0,FALSE,,
1326,2,2,1,TRUE,1,2,2,0,FALSE,,
1327,2,2,1,TRUE,1,2,2,0,FALSE,,
1328,2,2,1,TRUE,1,2,2,0,FALSE,,
1329,2,2,1,TRUE,1,2,2,0,FALSE,,
1330,2,2,1,TRUE,1,2,2,0,FALSE,,
1331,4,4,3,TRUE,3,4,4,0,FALSE,,
1332,3,3,2,TRUE,2,3,3,0,FALSE,,
1333,2,2,1,TRUE,1,2,2,0,FALSE,,
1334,2,2,1,TRUE,1,2,2,0,FALSE,,
1335,2,2,1,TRUE,1,2,2,0,FALSE,,
1336,2,2,1,TRUE,1,2,2,0,FALSE,,
1337,2,2,1,TRUE,1,2,2,0,FALSE,,
1338,2,2,1,TRUE,1,2,2,0,FALSE,,
1339,2,2,1,TRUE,1,2,2,0,FALSE,,
1340,7,7,6,TRUE,6,7,7,0,FALSE,,
1341,3,3,2,TRUE,2,3,3,0,FALSE,,
1342,9,9,8,TRUE,4,9,9,0,FALSE,,
1343,3,3,2,TRUE,2,3,3,0,FALSE,,
1344,3,3,2,TRUE,2,3,3,0,FALSE,,
1345,3,3,2,TRUE,2,3,3,0,FALSE,,
1346,3,3,2,TRUE,2,3,3,0,FALSE,,
1347,3,3,2,TRUE,2,3,3,0,FALSE,,
1348,3,3,2,TRUE,2,3,3,0,FALSE,,
1349,3,3,2,TRUE,2,3,3,0,FALSE,,
1350,3,3,2,TRUE,2,3,3,0,FALSE,,
1351,3,3,2,TRUE,2,3,3,0,FALSE,,
1352,3,3,2,TRUE,2,3,3,0,FALSE,,
1353,3,3,2,TRUE,2,3,3,0,FALSE,,
1354,3,3,2,TRUE,2,3,3,0,FALSE,,
1355,2,2,1,TRUE,1,2,2,0,FALSE,,
1356,2,2,1,TRUE,1,2,2,0,FALSE,,
1357,3,3,2,TRUE,2,3,3,0,FALSE,,
1358,2,2,1,TRUE,1,2,2,0,FALSE,,
1359,2,2,1,TRUE,1,2,2,0,FALSE,,
1360,2,2,1,TRUE,1,2,2,0,FALSE,,
1361,2,2,1,TRUE,1,2,2,0,FALSE,,
1362,2,2,1,TRUE,1,2,2,0,FALSE,,
1363,2,2,1,TRUE,1,2,2,0,FALSE,,
1364,3,3,2,TRUE,2,3,3,0,FALSE,,
1365,2,2,1,TRUE,1,2,2,0,FALSE,,
1366,2,2,1,TRUE,1,2,2,0,FALSE,,
1367,2,2,1,TRUE,1,2,2,0,FALSE,,
1368,2,2,1,TRUE,1,2,2,0,FALSE,,
1369,2,2,1,TRUE,1,2,2,0,FALSE,,
1370,2,2,1,TRUE,1,2,2,0,FALSE,,
1371,2,2,1,TRUE,1,2,2,0,FALSE,,
1372,2,2,1,TRUE,1,2,2,0,FALSE,,
1373,2,2,1,TRUE,1,2,2,0,FALSE,,
1374,2,2,1,TRUE,1,2,2,0,FALSE,,
1375,2,2,1,TRUE,1,2,2,0,FALSE,,
1376,2,2,1,TRUE,1,2,2,0,FALSE,,
1377,2,2,1,TRUE,1,2,2,0,FALSE,,
1378,2,2,1,TRUE,1,2,2,0,FALSE,,
1379,2,2,1,TRUE,1,2,2,0,FALSE,,
1380,2,2,1,TRUE,1,2,2,0,FALSE,,
1381,2,2,1,TRUE,1,2,2,0,FALSE,,
1382,2,2,1,TRUE,1,2,2,0,FALSE,,
1383,2,2,1,TRUE,1,2,2,0,FALSE,,
1384,2,2,1,TRUE,1,3,3,0,FALSE,,
1385,3,3,2,TRUE,2,2,2,0,FALSE,,
1386,2,2,1,TRUE,1,2,2,0,FALSE,,
1387,2,2,1,TRUE,1,2,2,0,FALSE,,
1388,4,4,3,TRUE,3,4,4,0,FALSE,,
1389,3,3,2,TRUE,2,3,3,0,FALSE,,
1390,3,3,2,TRUE,2,3,3,0,FALSE,,
1391,3,3,2,TRUE,2,3,3,0,FALSE,,
1392,3,3,2,TRUE,2,3,3,0,FALSE,,
1393,3,3,2,TRUE,2,3,3,0,FALSE,,
1394,3,3,2,TRUE,2,3,3,0,FALSE,,
1395,3,3,2,TRUE,2,3,3,0,FALSE,,
1396,3,3,2,TRUE,2,3,3,0,FALSE,,
1397,3,3,2,TRUE,2,3,3,0,FALSE,,
1398,3,3,2,TRUE,2,3,3,0,FALSE,,
1399,3,3,2,TRUE,2,3,3,0,FALSE,,
1400,3,3,2,TRUE,2,3,3,0,FALSE,,
1401,3,3,2,TRUE,2,3,3,0,FALSE,,
1402,3,3,2,TRUE,2,3,3,0,FALSE,,
1403,3,3,2,TRUE,2,3,3,0,FALSE,,
1404,3,3,2,TRUE,2,3,3,0,FALSE,,
1405,2,2,1,TRUE,1,2,2,0,FALSE,,
1406,2,2,1,TRUE,1,3,3,0,FALSE,,
1407,3,3,2,TRUE,2,2,2,0,FALSE,,
1408,2,2,1,TRUE,1,2,2,0,FALSE,,
1409,2,2,1,TRUE,1,2,2,0,FALSE,,
1410,2,2,1,TRUE,1,2,2,0,FALSE,,
1411,2,2,1,TRUE,1,2,2,0,FALSE,,
1412,3,3,2,TRUE,2,3,3,0,FALSE,,
1413,2,2,1,TRUE,1,4,4,0,FALSE,,
1414,3,3,2,TRUE,2,3,3,0,FALSE,,
1415,4,4,3,TRUE,3,2,2,0,FALSE,,
1416,2,2,1,TRUE,1,2,2,0,FALSE,,
1417,2,2,1,TRUE,1,2,2,0,FALSE,,
1418,4,4,3,TRUE,3,4,4,0,FALSE,,
1419,3,3,2,TRUE,2,3,3,0,FALSE,,
1420,3,3,2,TRUE,2,3,3,0,FALSE,,
1421,5,5,4,TRUE,4,5,5,0,FALSE,,
1422,3,3,2,TRUE,2,3,3,0,FALSE,,
1423,3,3,2,TRUE,2,3,3,0,FALSE,,
1424,3,3,2,TRUE,2,3,3,0,FALSE,,
1425,3,3,2,TRUE,2,3,3,0,FALSE,,
1426,3,3,2,TRUE,2,3,3,0,FALSE,,
1427,2,2,1,TRUE,1,2,2,0,FALSE,,
1428,2,2,1,TRUE,1,2,2,0,FALSE,,
1429,2,2,1,TRUE,1,2,2,0,FALSE,,
1430,2,2,1,TRUE,1,2,2,0,FALSE,,
1431,2,2,1,TRUE,1,2,2,0,FALSE,,
1432,2,2,1,TRUE,1,2,2,0,FALSE,,
1433,2,2,1,TRUE,1,2,2,0,FALSE,,
1434,4,4,3,TRUE,3,4,4,0,FALSE,,
1435,3,3,2,TRUE,2,3,3,0,FALSE,,
1436,2,2,1,TRUE,1,2,2,0,FALSE,,
1437,2,2,1,TRUE,1,2,2,0,FALSE,,
1438,2,2,1,TRUE,1,2,2,0,FALSE,,
1439,3,3,2,TRUE,2,3,3,0,FALSE,,
1440,2,2,1,TRUE,1,2,2,0,FALSE,,
1441,2,2,1,TRUE,1,2,2,0,FALSE,,
1442,2,2,1,TRUE,1,2,2,0,FALSE,,
1443,2,2,1,TRUE,1,2,2,0,FALSE,,
1444,4,4,3,TRUE,3,4,4,0,FALSE,,
1445,3,3,2,TRUE,2,3,3,0,FALSE,,
1446,3,3,2,TRUE,2,3,3,0,FALSE,,
1447,2,2,1,TRUE,1,2,2,0,FALSE,,
1448,2,2,1,TRUE,1,3,3,0,FALSE,,
1449,3,3,2,TRUE,2,2,2,0,FALSE,,
1450,2,2,1,TRUE,1,2,2,0,FALSE,,
1451,2,2,1,TRUE,1,2,2,0,FALSE,,
1452,4,4,3,TRUE,3,4,4,0,FALSE,,
1453,3,3,2,TRUE,2,3,3,0,FALSE,,
1454,3,3,2,TRUE,2,3,3,0,FALSE,,
1455,2,2,1,TRUE,1,2,2,0,FALSE,,
1456,3,3,2,TRUE,2,2,2,0,FALSE,,
1457,2,2,1,TRUE,1,3,3,0,FALSE,,
1458,2,2,1,TRUE,1,2,2,0,FALSE,,
1459,2,2,1,TRUE,1,2,2,0,FALSE,,
1460,2,2,1,TRUE,1,2,2,0,FALSE,,
1461,2,2,1,TRUE,1,2,2,0,FALSE,,
1462,2,2,1,TRUE,1,2,2,0,FALSE,,
1463,2,2,1,TRUE,1,2,2,0,FALSE,,
1464,2,2,1,TRUE,1,2,2,0,FALSE,,
1465,2,2,1,TRUE,1,2,2,0,FALSE,,
1466,2,2,1,TRUE,1,2,2,0,FALSE,,
1467,2,2,1,TRUE,1,2,2,0,FALSE,,
1468,2,2,1,TRUE,1,2,2,0,FALSE,,
1469,2,2,1,TRUE,1,2,2,0,FALSE,,
1470,2,2,1,TRUE,1,2,2,0,FALSE,,
1471,2,2,1,TRUE,1,2,2,0,FALSE,,
1472,2,2,1,TRUE,1,2,2,0,FALSE,,
1473,2,2,1,TRUE,1,2,2,0,FALSE,,
1474,2,2,1,TRUE,1,2,2,0,FALSE,,
1475,2,2,1,TRUE,1,2,2,0,FALSE,,
1476,2,2,1,TRUE,1,2,2,0,FALSE,,
1477,2,2,1,TRUE,1,2,2,0,FALSE,,
1478,2,2,1,TRUE,1,2,2,0,FALSE,,
1479,2,2,1,TRUE,1,2,2,0,FALSE,,
1480,2,2,1,TRUE,1,2,2,0,FALSE,,
1481,2,2,1,TRUE,1,2,2,0,FALSE,,
1482,2,2,1,TRUE,1,2,2,0,FALSE,,
1483,2,2,1,TRUE,1,2,2,0,FALSE,,
1484,2,2,1,TRUE,1,2,2,0,FALSE,,
1485,2,2,1,TRUE,1,2,2,0,FALSE,,
1486,3,3,2,TRUE,2,3,3,0,FALSE,,
1487,2,2,1,TRUE,1,2,2,0,FALSE,,
1488,2,2,1,TRUE,1,2,2,0,FALSE,,
1489,2,2,1,TRUE,1,2,2,0,FALSE,,
1490,2,2,1,TRUE,1,2,2,0,FALSE,,
1491,3,3,2,TRUE,2,3,3,0,FALSE,,
1492,2,2,1,TRUE,1,2,2,0,FALSE,,
1493,2,2,1,TRUE,1,2,2,0,FALSE,,
1494,2,2,1,TRUE,1,2,2,0,FALSE,,
1495,2,2,1,TRUE,1,2,2,0,FALSE,,
1496,2,2,1,TRUE,1,2,2,0,FALSE,,
1497,2,2,1,TRUE,1,2,2,0,FALSE,,
1498,2,2,1,TRUE,1,2,2,0,FALSE,,
1499,2,2,1,TRUE,1,2,2,0,FALSE,,
1500,2,2,1,TRUE,1,2,2,0,FALSE,,
1501,2,2,1,TRUE,1,3,3,0,FALSE,,
1502,3,3,2,TRUE,2,2,2,0,FALSE,,
1503,2,2,1,TRUE,1,2,2,0,FALSE,,
1504,2,2,1,TRUE,1,3,3,0,FALSE,,
1505,3,3,2,TRUE,2,2,2,0,FALSE,,
1506,2,2,1,TRUE,1,2,2,0,FALSE,,
1507,2,2,1,TRUE,1,2,2,0,FALSE,,
1508,2,2,1,TRUE,1,2,2,0,FALSE,,
1509,2,2,1,TRUE,1,2,2,0,FALSE,,
1510,2,2,1,TRUE,1,2,2,0,FALSE,,
1511,3,3,2,TRUE,2,3,3,0,FALSE,,
1512,2,2,1,TRUE,1,2,2,0,FALSE,,
1513,2,2,1,TRUE,1,2,2,0,FALSE,,
1514,2,2,1,TRUE,1,2,2,0,FALSE,,
1515,3,3,2,TRUE,2,2,2,0,FALSE,,
1516,2,2,1,TRUE,1,3,3,0,FALSE,,
1517,2,2,1,TRUE,1,2,2,0,FALSE,,
1518,2,2,1,TRUE,1,3,3,0,FALSE,,
1519,3,3,2,TRUE,2,2,2,0,FALSE,,
1520,4,4,3,TRUE,3,4,4,0,FALSE,,
1521,3,3,2,TRUE,2,3,3,0,FALSE,,
1522,3,3,2,TRUE,2,3,3,0,FALSE,,
1523,2,2,1,TRUE,1,2,2,0,FALSE,,
1524,2,2,1,TRUE,1,2,2,0,FALSE,,
1525,2,2,1,TRUE,1,2,2,0,FALSE,,
1526,2,2,1,TRUE,1,2,2,0,FALSE,,
1527,2,2,1,TRUE,1,2,2,0,FALSE,,
1528,2,2,1,TRUE,1,2,2,0,FALSE,,
1529,2,2,1,TRUE,1,2,2,0,FALSE,,
1530,2,2,1,TRUE,1,3,3,0,FALSE,,
1531,3,3,2,TRUE,2,2,2,0,FALSE,,
1532,2,2,1,TRUE,1,2,2,0,FALSE,,
1533,2,2,1,TRUE,1,2,2,0,FALSE,,
1534,2,2,1,TRUE,1,2,2,0,FALSE,,
1535,2,2,1,TRUE,1,2,2,0,FALSE,,
1536,2,2,1,TRUE,1,2,2,0,FALSE,,
1537,2,2,1,TRUE,1,2,2,0,FALSE,,
1538,4,4,3,TRUE,3,4,4,0,FALSE,,
1539,3,3,2,TRUE,2,3,3,0,FALSE,,
1540,3,3,2,TRUE,2,3,3,0,FALSE,,
1541,2,2,1,TRUE,1,2,2,0,FALSE,,
1542,2,2,1,TRUE,1,2,2,0,FALSE,,
1543,4,4,3,TRUE,3,4,4,0,FALSE,,
1544,3,3,2,TRUE,2,3,3,0,FALSE,,
1545,3,3,2,TRUE,2,3,3,0,FALSE,,
1546,2,2,1,TRUE,1,2,2,0,FALSE,,
1547,2,2,1,TRUE,1,2,2,0,FALSE,,
1548,2,2,1,TRUE,1,2,2,0,FALSE,,
1549,2,2,1,TRUE,1,2,2,0,FALSE,,
1550,2,2,1,TRUE,1,2,2,0,FALSE,,
1551,2,2,1,TRUE,1,2,2,0,FALSE,,
1552,2,2,1,TRUE,1,2,2,0,FALSE,,
1553,2,2,1,TRUE,1,2,2,0,FALSE,,
1554,2,2,1,TRUE,1,2,2,0,FALSE,,
1555,2,2,1,TRUE,1,2,2,0,FALSE,,
1556,2,2,1,TRUE,1,2,2,0,FALSE,,
1557,2,2,1,TRUE,1,2,2,0,FALSE,,
1558,2,2,1,TRUE,1,2,2,0,FALSE,,
1559,2,2,1,TRUE,1,2,2,0,FALSE,,
1560,2,2,1,TRUE,1,2,2,0,FALSE,,
1561,2,2,1,TRUE,1,2,2,0,FALSE,,
1562,2,2,1,TRUE,1,2,2,0,FALSE,,
1563,2,2,1,TRUE,1,2,2,0,FALSE,,
1564,2,2,1,TRUE,1,2,2,0,FALSE,,
1565,2,2,1,TRUE,1,2,2,0,FALSE,,
1566,2,2,1,TRUE,1,2,2,0,FALSE,,
1567,2,2,1,TRUE,1,2,2,0,FALSE,,
1568,2,2,1,TRUE,1,2,2,0,FALSE,,
1569,2,2,1,TRUE,1,2,2,0,FALSE,,
1570,2,2,1,TRUE,1,2,2,0,FALSE,,
1571,3,3,2,TRUE,2,3,3,0,FALSE,,
1572,2,2,1,TRUE,1,2,2,0,FALSE,,
1573,2,2,1,TRUE,1,2,2,0,FALSE,,
1574,3,3,2,TRUE,2,3,3,0,FALSE,,
1575,2,2,1,TRUE,1,2,2,0,FALSE,,
1576,2,2,1,TRUE,1,2,2,0,FALSE,,
1577,2,2,1,TRUE,1,2,2,0,FALSE,,
1578,2,2,1,TRUE,1,2,2,0,FALSE,,
1579,2,2,1,TRUE,1,2,2,0,FALSE,,
1580,4,4,3,TRUE,3,4,4,0,FALSE,,
1581,3,3,2,TRUE,2,3,3,0,FALSE,,
1582,3,3,2,TRUE,2,3,3,0,FALSE,,
1583,2,2,1,TRUE,1,2,2,0,FALSE,,
1584,2,2,1,TRUE,1,2,2,0,FALSE,,
1585,2,2,1,TRUE,1,2,2,0,FALSE,,
1586,2,2,1,TRUE,1,2,2,0,FALSE,,
1587,4,4,3,TRUE,3,4,4,0,FALSE,,
1588,3,3,2,TRUE,2,3,3,0,FALSE,,
1589,3,3,2,TRUE,2,3,3,0,FALSE,,
1590,4,4,3,TRUE,3,4,4,0,FALSE,,
1591,3,3,2,TRUE,2,3,3,0,FALSE,,
1592,3,3,2,TRUE,2,3,3,0,FALSE,,
1593,2,2,1,TRUE,1,2,2,0,FALSE,,
1594,2,2,1,TRUE,1,2,2,0,FALSE,,
1595,2,2,1,TRUE,1,2,2,0,FALSE,,
1596,2,2,1,TRUE,1,2,2,0,FALSE,,
1597,2,2,1,TRUE,1,2,2,0,FALSE,,
1598,2,2,1,TRUE,1,2,2,0,FALSE,,
1599,4,4,3,TRUE,3,4,4,0,FALSE,,
1600,3,3,2,TRUE,2,3,3,0,FALSE,,
1601,2,2,1,TRUE,1,2,2,0,FALSE,,
1602,2,2,1,TRUE,1,2,2,0,FALSE,,
1603,2,2,1,TRUE,1,2,2,0,FALSE,,
1604,2,2,1,TRUE,1,2,2,0,FALSE,,
1605,2,2,1,TRUE,1,2,2,0,FALSE,,
1606,2,2,1,TRUE,1,2,2,0,FALSE,,
1607,2,2,1,TRUE,1,2,2,0,FALSE,,
1608,2,2,1,TRUE,1,2,2,0,FALSE,,
1609,2,2,1,TRUE,1,2,2,0,FALSE,,
1610,2,2,1,TRUE,1,2,2,0,FALSE,,
1611,2,2,1,TRUE,1,2,2,0,FALSE,,
1612,2,2,1,TRUE,1,2,2,0,FALSE,,
1613,2,2,1,TRUE,1,2,2,0,FALSE,,
1614,4,4,3,TRUE,3,4,4,0,FALSE,,
1615,3,3,2,TRUE,2,3,3,0,FALSE,,
1616,3,3,2,TRUE,2,3,3,0,FALSE,,
1617,3,3,2,TRUE,2,3,3,0,FALSE,,
1618,3,3,2,TRUE,2,3,3,0,FALSE,,
1619,2,2,1,TRUE,1,2,2,0,FALSE,,
1620,2,2,1,TRUE,1,2,2,0,FALSE,,
1621,2,2,1,TRUE,1,2,2,0,FALSE,,
1622,2,2,1,TRUE,1,2,2,0,FALSE,,
1623,2,2,1,TRUE,1,2,2,0,FALSE,,
1624,2,2,1,TRUE,1,2,2,0,FALSE,,
1625,2,2,1,TRUE,1,2,2,0,FALSE,,
1626,2,2,1,TRUE,1,2,2,0,FALSE,,
1627,3,3,2,TRUE,2,3,3,0,FALSE,,
1628,2,2,1,TRUE,1,2,2,0,FALSE,,
1629,2,2,1,TRUE,1,2,2,0,FALSE,,
1630,2,2,1,TRUE,1,2,2,0,FALSE,,
1631,2,2,1,TRUE,1,2,2,0,FALSE,,
1632,2,2,1,TRUE,1,2,2,0,FALSE,,
1633,2,2,1,TRUE,1,2,2,0,FALSE,,
1634,2,2,1,TRUE,1,2,2,0,FALSE,,
1635,2,2,1,TRUE,1,2,2,0,FALSE,,
1636,2,2,1,TRUE,1,2,2,0,FALSE,,
1637,2,2,1,TRUE,1,2,2,0,FALSE,,
1638,2,2,1,TRUE,1,2,2,0,FALSE,,
1639,2,2,1,TRUE,1,2,2,0,FALSE,,
1640,2,2,1,TRUE,1,2,2,0,FALSE,,
1641,2,2,1,TRUE,1,2,2,0,FALSE,,
1642,2,2,1,TRUE,1,2,2,0,FALSE,,
1643,2,2,1,TRUE,1,2,2,0,FALSE,,
1644,2,2,1,TRUE,1,2,2,0,FALSE,,
1645,2,2,1,TRUE,1,2,2,0,FALSE,,
1646,3,3,2,TRUE,2,3,3,0,FALSE,,
1647,2,2,1,TRUE,1,2,2,0,FALSE,,
1648,2,2,1,TRUE,1,2,2,0,FALSE,,
1649,2,2,1,TRUE,1,2,2,0,FALSE,,
1650,2,2,1,TRUE,1,2,2,0,FALSE,,
1651,2,2,1,TRUE,1,2,2,0,FALSE,,
1652,2,2,1,TRUE,1,2,2,0,FALSE,,
1653,3,3,2,TRUE,2,3,3,0,FALSE,,
1654,2,2,1,TRUE,1,2,2,0,FALSE,,
1655,2,2,1,TRUE,1,2,2,0,FALSE,,
1656,2,2,1,TRUE,1,2,2,0,FALSE,,
1657,2,2,1,TRUE,1,2,2,0,FALSE,,
1658,2,2,1,TRUE,1,2,2,0,FALSE,,
1659,2,2,1,TRUE,1,2,2,0,FALSE,,
1660,2,2,1,TRUE,1,2,2,0,FALSE,,
1661,2,2,1,TRUE,1,2,2,0,FALSE,,
1662,13,13,12,TRUE,6,13,13,0,FALSE,,
1663,3,3,2,TRUE,2,3,3,0,FALSE,,
1664,5,5,4,TRUE,4,5,5,0,FALSE,,
1665,3,3,2,TRUE,2,3,3,0,FALSE,,
1666,3,3,2,TRUE,2,3,3,0,FALSE,,
1667,3,3,2,TRUE,2,3,3,0,FALSE,,
1668,3,3,2,TRUE,2,3,3,0,FALSE,,
1669,27,27,26,TRUE,4,27,27,0,FALSE,,
1670,3,3,2,TRUE,2,3,3,0,FALSE,,
1671,3,3,2,TRUE,2,3,3,0,FALSE,,
1672,3,3,2,TRUE,2,3,3,0,FALSE,,
1673,3,3,2,TRUE,2,3,3,0,FALSE,,
1674,3,3,2,TRUE,2,3,3,0,FALSE,,
1675,3,3,2,TRUE,2,3,3,0,FALSE,,
1676,5,5,4,TRUE,4,5,5,0,FALSE,,
1677,3,3,2,TRUE,2,3,3,0,FALSE,,
1678,3,3,2,TRUE,2,3,3,0,FALSE,,
1679,3,3,2,TRUE,2,3,3,0,FALSE,,
1680,3,3,2,TRUE,2,3,3,0,FALSE,,
1681,3,3,2,TRUE,2,3,3,0,FALSE,,
1682,3,3,2,TRUE,2,3,3,0,FALSE,,
1683,3,3,2,TRUE,2,3,3,0,FALSE,,
1684,2,2,1,TRUE,1,2,2,0,FALSE,,
1685,2,2,1,TRUE,1,2,2,0,FALSE,,
1686,2,2,1,TRUE,1,2,2,0,FALSE,,
1687,2,2,1,TRUE,1,2,2,0,FALSE,,
1688,2,2,1,TRUE,1,2,2,0,FALSE,,
1689,2,2,1,TRUE,1,2,2,0,FALSE,,
1690,2,2,1,TRUE,1,2,2,0,FALSE,,
1691,2,2,1,TRUE,1,2,2,0,FALSE,,
1692,2,2,1,TRUE,1,2,2,0,FALSE,,
1693,2,2,1,TRUE,1,2,2,0,FALSE,,
1694,2,2,1,TRUE,1,2,2,0,FALSE,,
1695,2,2,1,TRUE,1,2,2,0,FALSE,,
1696,4,4,3,TRUE,3,4,4,0,FALSE,,
1697,3,3,2,TRUE,2,3,3,0,FALSE,,
1698,3,3,2,TRUE,2,3,3,0,FALSE,,
1699,2,2,1,TRUE,1,2,2,0,FALSE,,
1700,2,2,1,TRUE,1,2,2,0,FALSE,,
1701,2,2,1,TRUE,1,2,2,0,FALSE,,
1702,2,2,1,TRUE,1,2,2,0,FALSE,,
1703,2,2,1,TRUE,1,2,2,0,FALSE,,
1704,3,3,2,TRUE,2,2,2,0,FALSE,,
1705,2,2,1,TRUE,1,3,3,0,FALSE,,
1706,2,2,1,TRUE,1,2,2,0,FALSE,,
1707,2,2,1,TRUE,1,2,2,0,FALSE,,
1708,3,3,2,TRUE,2,3,3,0,FALSE,,
1709,2,2,1,TRUE,1,2,2,0,FALSE,,
1710,2,2,1,TRUE,1,2,2,0,FALSE,,
1711,4,4,3,TRUE,3,4,4,0,FALSE,,
1712,3,3,2,TRUE,2,3,3,0,FALSE,,
1713,3,3,2,TRUE,2,3,3,0,FALSE,,
1714,3,3,2,TRUE,2,3,3,0,FALSE,,
1715,3,3,2,TRUE,2,3,3,0,FALSE,,
1716,2,2,1,TRUE,1,2,2,0,FALSE,,
1717,2,2,1,TRUE,1,2,2,0,FALSE,,
1718,2,2,1,TRUE,1,2,2,0,FALSE,,
1719,2,2,1,TRUE,1,2,2,0,FALSE,,
1720,2,2,1,TRUE,1,2,2,0,FALSE,,
1721,2,2,1,TRUE,1,2,2,0,FALSE,,
1722,2,2,1,TRUE,1,2,2,0,FALSE,,
1723,2,2,1,TRUE,1,2,2,0,FALSE,,
1724,2,2,1,TRUE,1,2,2,0,FALSE,,
1725,2,2,1,TRUE,1,2,2,0,FALSE,,
1726,2,2,1,TRUE,1,2,2,0,FALSE,,
1727,2,2,1,TRUE,1,2,2,0,FALSE,,
1728,2,2,1,TRUE,1,2,2,0,FALSE,,
1729,2,2,1,TRUE,1,2,2,0,FALSE,,
1730,2,2,1,TRUE,1,2,2,0,FALSE,,
1731,2,2,1,TRUE,1,2,2,0,FALSE,,
1732,2,2,1,TRUE,1,2,2,0,FALSE,,
1733,2,2,1,TRUE,1,2,2,0,FALSE,,
1734,2,2,1,TRUE,1,2,2,0,FALSE,,
1735,2,2,1,TRUE,1,2,2,0,FALSE,,
1736,4,4,3,TRUE,3,4,4,0,FALSE,,
1737,3,3,2,TRUE,2,5,5,0,FALSE,,
1738,2,2,1,TRUE,1,3,3,0,FALSE,,
1739,3,3,2,TRUE,2,2,2,0,FALSE,,
1740,2,2,1,TRUE,1,2,2,0,FALSE,,
1741,2,2,1,TRUE,1,3,3,0,FALSE,,
1742,3,3,2,TRUE,2,4,4,0,FALSE,,
1743,4,4,3,TRUE,3,3,3,0,FALSE,,
1744,3,3,2,TRUE,2,2,2,0,FALSE,,
1745,2,2,1,TRUE,1,2,2,0,FALSE,,
1746,2,2,1,TRUE,1,2,2,0,FALSE,,
1747,2,2,1,TRUE,1,2,2,0,FALSE,,
1748,2,2,1,TRUE,1,2,2,0,FALSE,,
1749,2,2,1,TRUE,1,2,2,0,FALSE,,
1750,2,2,1,TRUE,1,2,2,0,FALSE,,
1751,2,2,1,TRUE,1,2,2,0,FALSE,,
1752,2,2,1,TRUE,1,2,2,0,FALSE,,
1753,2,2,1,TRUE,1,2,2,0,FALSE,,
1754,2,2,1,TRUE,1,2,2,0,FALSE,,
1755,2,2,1,TRUE,1,2,2,0,FALSE,,
1756,2,2,1,TRUE,1,2,2,0,FALSE,,
1757,2,2,1,TRUE,1,3,3,0,FALSE,,
1758,3,3,2,TRUE,2,2,2,0,FALSE,,
1759,2,2,1,TRUE,1,2,2,0,FALSE,,
1760,2,2,1,TRUE,1,2,2,0,FALSE,,
1761,2,2,1,TRUE,1,2,2,0,FALSE,,
1762,2,2,1,TRUE,1,2,2,0,FALSE,,
1763,2,2,1,TRUE,1,2,2,0,FALSE,,
1764,2,2,1,TRUE,1,2,2,0,FALSE,,
1765,2,2,1,TRUE,1,2,2,0,FALSE,,
1766,2,2,1,TRUE,1,2,2,0,FALSE,,
1767,2,2,1,TRUE,1,2,2,0,FALSE,,
1768,2,2,1,TRUE,1,2,2,0,FALSE,,
1769,2,2,1,TRUE,1,2,2,0,FALSE,,
1770,2,2,1,TRUE,1,2,2,0,FALSE,,
1771,2,2,1,TRUE,1,2,2,0,FALSE,,
1772,2,2,1,TRUE,1,2,2,0,FALSE,,
1773,2,2,1,TRUE,1,2,2,0,FALSE,,
1774,2,2,1,TRUE,1,2,2,0,FALSE,,
1775,2,2,1,TRUE,1,2,2,0,FALSE,,
1776,2,2,1,TRUE,1,2,2,0,FALSE,,
1777,2,2,1,TRUE,1,2,2,0,FALSE,,
1778,2,2,1,TRUE,1,2,2,0,FALSE,,
1779,2,2,1,TRUE,1,2,2,0,FALSE,,
1780,2,2,1,TRUE,1,2,2,0,FALSE,,
1781,2,2,1,TRUE,1,2,2,0,FALSE,,
1782,2,2,1,TRUE,1,2,2,0,FALSE,,
1783,2,2,1,TRUE,1,4,4,0,FALSE,,
1784,4,4,3,TRUE,3,3,3,0,FALSE,,
1785,3,3,2,TRUE,2,3,3,0,FALSE,,
1786,3,3,2,TRUE,2,2,2,0,FALSE,,
1787,2,2,1,TRUE,1,2,2,0,FALSE,,
1788,2,2,1,TRUE,1,2,2,0,FALSE,,
1789,2,2,1,TRUE,1,2,2,0,FALSE,,
1790,2,2,1,TRUE,1,2,2,0,FALSE,,
1791,2,2,1,TRUE,1,2,2,0,FALSE,,
1792,2,2,1,TRUE,1,2,2,0,FALSE,,
1793,2,2,1,TRUE,1,2,2,0,FALSE,,
1794,2,2,1,TRUE,1,4,4,0,FALSE,,
1795,4,4,3,TRUE,3,3,3,0,FALSE,,
1796,3,3,2,TRUE,2,3,3,0,FALSE,,
1797,3,3,2,TRUE,2,3,3,0,FALSE,,
1798,3,3,2,TRUE,2,2,2,0,FALSE,,
1799,2,2,1,TRUE,1,2,2,0,FALSE,,
1800,2,2,1,TRUE,1,4,4,0,FALSE,,
1801,4,4,3,TRUE,3,3,3,0,FALSE,,
1802,3,3,2,TRUE,2,3,3,0,FALSE,,
1803,3,3,2,TRUE,2,2,2,0,FALSE,,
1804,2,2,1,TRUE,1,2,2,0,FALSE,,
1805,2,2,1,TRUE,1,2,2,0,FALSE,,
1806,2,2,1,TRUE,1,2,2,0,FALSE,,
1807,2,2,1,TRUE,1,2,2,0,FALSE,,
1808,2,2,1,TRUE,1,2,2,0,FALSE,,
1809,2,2,1,TRUE,1,4,4,0,FALSE,,
1810,4,4,3,TRUE,3,3,3,0,FALSE,,
1811,3,3,2,TRUE,2,3,3,0,FALSE,,
1812,3,3,2,TRUE,2,3,3,0,FALSE,,
1813,3,3,2,TRUE,2,3,3,0,FALSE,,
1814,3,3,2,TRUE,2,2,2,0,FALSE,,
1815,2,2,1,TRUE,1,2,2,0,FALSE,,
1816,2,2,1,TRUE,1,2,2,0,FALSE,,
1817,2,2,1,TRUE,1,2,2,0,FALSE,,
1818,2,2,1,TRUE,1,2,2,0,FALSE,,
1819,2,2,1,TRUE,1,2,2,0,FALSE,,
1820,2,2,1,TRUE,1,4,4,0,FALSE,,
1821,4,4,3,TRUE,3,3,3,0,FALSE,,
1822,3,3,2,TRUE,2,3,3,0,FALSE,,
1823,3,3,2,TRUE,2,3,3,0,FALSE,,
1824,3,3,2,TRUE,2,3,3,0,FALSE,,
1825,3,3,2,TRUE,2,3,3,0,FALSE,,
1826,3,3,2,TRUE,2,3,3,0,FALSE,,
1827,3,3,2,TRUE,2,3,3,0,FALSE,,
1828,3,3,2,TRUE,2,3,3,0,FALSE,,
1829,3,3,2,TRUE,2,3,3,0,FALSE,,
1830,3,3,2,TRUE,2,3,3,0,FALSE,,
1831,3,3,2,TRUE,2,3,3,0,FALSE,,
1832,3,3,2,TRUE,2,3,3,0,FALSE,,
1833,3,3,2,TRUE,2,3,3,0,FALSE,,
1834,3,3,2,TRUE,2,3,3,0,FALSE,,
1835,3,3,2,TRUE,2,2,2,0,FALSE,,
1836,2,2,1,TRUE,1,2,2,0,FALSE,,
1837,2,2,1,TRUE,1,2,2,0,FALSE,,
1838,2,2,1,TRUE,1,2,2,0,FALSE,,
1839,2,2,1,TRUE,1,2,2,0,FALSE,,
1840,2,2,1,TRUE,1,2,2,0,FALSE,,
1841,3,3,2,TRUE,2,3,3,0,FALSE,,
1842,2,2,1,TRUE,1,2,2,0,FALSE,,
1843,2,2,1,TRUE,1,2,2,0,FALSE,,
1844,2,2,1,TRUE,1,3,3,0,FALSE,,
1845,3,3,2,TRUE,2,2,2,0,FALSE,,
1846,2,2,1,TRUE,1,2,2,0,FALSE,,
1847,2,2,1,TRUE,1,2,2,0,FALSE,,
1848,2,2,1,TRUE,1,2,2,0,FALSE,,
1849,2,2,1,TRUE,1,3,3,0,FALSE,,
1850,3,3,2,TRUE,2,4,4,0,FALSE,,
1851,4,4,3,TRUE,3,3,3,0,FALSE,,
1852,3,3,2,TRUE,2,3,3,0,FALSE,,
1853,3,3,2,TRUE,2,3,3,0,FALSE,,
1854,3,3,2,TRUE,2,5,5,0,FALSE,,
1855,5,5,4,TRUE,4,5,5,0,FALSE,,
1856,5,5,4,TRUE,4,3,3,0,FALSE,,
1857,3,3,2,TRUE,2,3,3,0,FALSE,,
1858,3,3,2,TRUE,2,3,3,0,FALSE,,
1859,3,3,2,TRUE,2,2,2,0,FALSE,,
1860,2,2,1,TRUE,1,2,2,0,FALSE,,
1861,2,2,1,TRUE,1,3,3,0,FALSE,,
1862,3,3,2,TRUE,2,2,2,0,FALSE,,
1863,2,2,1,TRUE,1,2,2,0,FALSE,,
1864,2,2,1,TRUE,1,2,2,0,FALSE,,
1865,2,2,1,TRUE,1,2,2,0,FALSE,,
1866,2,2,1,TRUE,1,2,2,0,FALSE,,
1867,2,2,1,TRUE,1,3,3,0,FALSE,,
1868,2,2,1,TRUE,1,2,2,0,FALSE,,
1869,3,3,2,TRUE,2,2,2,0,FALSE,,
1870,2,2,1,TRUE,1,2,2,0,FALSE,,
1871,2,2,1,TRUE,1,2,2,0,FALSE,,
1872,2,2,1,TRUE,1,2,2,0,FALSE,,
1873,2,2,1,TRUE,1,2,2,0,FALSE,,
1874,2,2,1,TRUE,1,2,2,0,FALSE,,
1875,2,2,1,TRUE,1,2,2,0,FALSE,,
1876,2,2,1,TRUE,1,2,2,0,FALSE,,
1877,2,2,1,TRUE,1,2,2,0,FALSE,,
1878,2,2,1,TRUE,1,2,2,0,FALSE,,
1879,2,2,1,TRUE,1,2,2,0,FALSE,,
1880,2,2,1,TRUE,1,2,2,0,FALSE,,
1881,2,2,1,TRUE,1,2,2,0,FALSE,,
1882,2,2,1,TRUE,1,2,2,0,FALSE,,
1883,3,3,2,TRUE,2,3,3,0,FALSE,,
1884,2,2,1,TRUE,1,2,2,0,FALSE,,
1885,2,2,1,TRUE,1,2,2,0,FALSE,,
1886,2,2,1,TRUE,1,2,2,0,FALSE,,
1887,2,2,1,TRUE,1,2,2,0,FALSE,,
1888,2,2,1,TRUE,1,4,4,0,FALSE,,
1889,4,4,3,TRUE,3,3,3,0,FALSE,,
1890,3,3,2,TRUE,2,3,3,0,FALSE,,
1891,3,3,2,TRUE,2,4,4,0,FALSE,,
1892,4,4,3,TRUE,3,3,3,0,FALSE,,
1893,3,3,2,TRUE,2,3,3,0,FALSE,,
1894,3,3,2,TRUE,2,2,2,0,FALSE,,
1895,2,2,1,TRUE,1,2,2,0,FALSE,,
1896,2,2,1,TRUE,1,2,2,0,FALSE,,
1897,2,2,1,TRUE,1,2,2,0,FALSE,,
1898,2,2,1,TRUE,1,4,4,0,FALSE,,
1899,4,4,3,TRUE,3,3,3,0,FALSE,,
1900,3,3,2,TRUE,2,3,3,0,FALSE,,
1901,3,3,2,TRUE,2,2,2,0,FALSE,,
1902,2,2,1,TRUE,1,2,2,0,FALSE,,
1903,2,2,1,TRUE,1,2,2,0,FALSE,,
1904,2,2,1,TRUE,1,2,2,0,FALSE,,
1905,2,2,1,TRUE,1,2,2,0,FALSE,,
1906,2,2,1,TRUE,1,2,2,0,FALSE,,
1907,2,2,1,TRUE,1,2,2,0,FALSE,,
1908,2,2,1,TRUE,1,2,2,0,FALSE,,
1909,2,2,1,TRUE,1,2,2,0,FALSE,,
1910,2,2,1,TRUE,1,2,2,0,FALSE,,
1911,3,3,2,TRUE,2,3,3,0,FALSE,,
1912,2,2,1,TRUE,1,2,2,0,FALSE,,
1913,2,2,1,TRUE,1,2,2,0,FALSE,,
1914,2,2,1,TRUE,1,3,3,0,FALSE,,
1915,3,3,2,TRUE,2,2,2,0,FALSE,,
1916,2,2,1,TRUE,1,2,2,0,FALSE,,
1917,2,2,1,TRUE,1,2,2,0,FALSE,,
1918,2,2,1,TRUE,1,2,2,0,FALSE,,
1919,2,2,1,TRUE,1,3,3,0,FALSE,,
1920,3,3,2,TRUE,2,2,2,0,FALSE,,
1921,2,2,1,TRUE,1,2,2,0,FALSE,,
1922,2,2,1,TRUE,1,2,2,0,FALSE,,
1923,2,2,1,TRUE,1,2,2,0,FALSE,,
1924,2,2,1,TRUE,1,2,2,0,FALSE,,
1925,2,2,1,TRUE,1,2,2,0,FALSE,,
1926,2,2,1,TRUE,1,2,2,0,FALSE,,
1927,2,2,1,TRUE,1,2,2,0,FALSE,,
1928,2,2,1,TRUE,1,2,2,0,FALSE,,
1929,2,2,1,TRUE,1,2,2,0,FALSE,,
1930,2,2,1,TRUE,1,2,2,0,FALSE,,
1931,2,2,1,TRUE,1,4,4,0,FALSE,,
1932,4,4,3,TRUE,3,5,5,0,FALSE,,
1933,5,5,4,TRUE,4,2,2,0,FALSE,,
1934,2,2,1,TRUE,1,3,3,0,FALSE,,
1935,3,3,2,TRUE,2,2,2,0,FALSE,,
1936,2,2,1,TRUE,1,2,2,0,FALSE,,
1937,2,2,1,TRUE,1,2,2,0,FALSE,,
1938,2,2,1,TRUE,1,2,2,0,FALSE,,
1939,2,2,1,TRUE,1,2,2,0,FALSE,,
1940,2,2,1,TRUE,1,2,2,0,FALSE,,
1941,2,2,1,TRUE,1,2,2,0,FALSE,,
1942,2,2,1,TRUE,1,2,2,0,FALSE,,
1943,2,2,1,TRUE,1,3,3,0,FALSE,,
1944,3,3,2,TRUE,2,2,2,0,FALSE,,
1945,2,2,1,TRUE,1,2,2,0,FALSE,,
1946,2,2,1,TRUE,1,2,2,0,FALSE,,
1947,2,2,1,TRUE,1,2,2,0,FALSE,,
1948,2,2,1,TRUE,1,2,2,0,FALSE,,
1949,2,2,1,TRUE,1,2,2,0,FALSE,,
1950,2,2,1,TRUE,1,2,2,0,FALSE,,
1951,2,2,1,TRUE,1,2,2,0,FALSE,,
1952,2,2,1,TRUE,1,2,2,0,FALSE,,
1953,2,2,1,TRUE,1,2,2,0,FALSE,,
1954,2,2,1,TRUE,1,2,2,0,FALSE,,
1955,2,2,1,TRUE,1,2,2,0,FALSE,,
1956,2,2,1,TRUE,1,4,4,0,FALSE,,
1957,4,4,3,TRUE,3,3,3,0,FALSE,,
1958,3,3,2,TRUE,2,3,3,0,FALSE,,
1959,3,3,2,TRUE,2,2,2,0,FALSE,,
1960,2,2,1,TRUE,1,2,2,0,FALSE,,
1961,2,2,1,TRUE,1,2,2,0,FALSE,,
1962,2,2,1,TRUE,1,2,2,0,FALSE,,
1963,2,2,1,TRUE,1,2,2,0,FALSE,,
1964,2,2,1,TRUE,1,2,2,0,FALSE,,
1965,2,2,1,TRUE,1,4,4,0,FALSE,,
1966,4,4,3,TRUE,3,3,3,0,FALSE,,
1967,3,3,2,TRUE,2,3,3,0,FALSE,,
1968,3,3,2,TRUE,2,3,3,0,FALSE,,
1969,3,3,2,TRUE,2,3,3,0,FALSE,,
1970,3,3,2,TRUE,2,2,2,0,FALSE,,
1971,2,2,1,TRUE,1,2,2,0,FALSE,,
1972,2,2,1,TRUE,1,2,2,0,FALSE,,
1973,2,2,1,TRUE,1,2,2,0,FALSE,,
1974,2,2,1,TRUE,1,2,2,0,FALSE,,
1975,2,2,1,TRUE,1,3,3,0,FALSE,,
1976,3,3,2,TRUE,2,2,2,0,FALSE,,
1977,2,2,1,TRUE,1,2,2,0,FALSE,,
1978,2,2,1,TRUE,1,2,2,0,FALSE,,
1979,3,3,2,TRUE,2,3,3,0,FALSE,,
1980,2,2,1,TRUE,1,2,2,0,FALSE,,
1981,2,2,1,TRUE,1,3,3,0,FALSE,,
1982,3,3,2,TRUE,2,2,2,0,FALSE,,
1983,2,2,1,TRUE,1,2,2,0,FALSE,,
1984,2,2,1,TRUE,1,2,2,0,FALSE,,
1985,2,2,1,TRUE,1,2,2,0,FALSE,,
1986,2,2,1,TRUE,1,2,2,0,FALSE,,
1987,2,2,1,TRUE,1,2,2,0,FALSE,,
1988,2,2,1,TRUE,1,2,2,0,FALSE,,
1989,2,2,1,TRUE,1,2,2,0,FALSE,,
1990,2,2,1,TRUE,1,2,2,0,FALSE,,
1991,2,2,1,TRUE,1,2,2,0,FALSE,,
1992,2,2,1,TRUE,1,2,2,0,FALSE,,
1993,2,2,1,TRUE,1,2,2,0,FALSE,,
1994,2,2,1,TRUE,1,3,3,0,FALSE,,
1995,3,3,2,TRUE,2,4,4,0,FALSE,,
1996,4,4,3,TRUE,3,3,3,0,FALSE,,
1997,3,3,2,TRUE,2,3,3,0,FALSE,,
1998,3,3,2,TRUE,2,4,4,0,FALSE,,
1999,4,4,3,TRUE,3,3,3,0,FALSE,,
2000,3,3,2,TRUE,2,3,3,0,FALSE,,
2001,3,3,2,TRUE,2,3,3,0,FALSE,,
2002,3,3,2,TRUE,2,3,3,0,FALSE,,
2003,3,3,2,TRUE,2,2,2,0,FALSE,,
2004,2,2,1,TRUE,1,2,2,0,FALSE,,
2005,2,2,1,TRUE,1,2,2,0,FALSE,,
2006,2,2,1,TRUE,1,2,2,0,FALSE,,
2007,2,2,1,TRUE,1,4,4,0,FALSE,,
2008,4,4,3,TRUE,3,3,3,0,FALSE,,
2009,3,3,2,TRUE,2,3,3,0,FALSE,,
2010,3,3,2,TRUE,2,3,3,0,FALSE,,
2011,3,3,2,TRUE,2,4,4,0,FALSE,,
2012,4,4,3,TRUE,3,3,3,0,FALSE,,
2013,3,3,2,TRUE,2,3,3,0,FALSE,,
2014,3,3,2,TRUE,2,2,2,0,FALSE,,
2015,2,2,1,TRUE,1,2,2,0,FALSE,,
2016,2,2,1,TRUE,1,3,3,0,FALSE,,
2017,3,3,2,TRUE,2,2,2,0,FALSE,,
2018,2,2,1,TRUE,1,2,2,0,FALSE,,
2019,2,2,1,TRUE,1,2,2,0,FALSE,,
2020,2,2,1,TRUE,1,2,2,0,FALSE,,
2021,2,2,1,TRUE,1,2,2,0,FALSE,,
2022,2,2,1,TRUE,1,2,2,0,FALSE,,
2023,2,2,1,TRUE,1,2,2,0,FALSE,,
2024,2,2,1,TRUE,1,2,2,0,FALSE,,
2025,2,2,1,TRUE,1,2,2,0,FALSE,,
2026,2,2,1,TRUE,1,2,2,0,FALSE,,
2027,2,2,1,TRUE,1,4,4,0,FALSE,,
2028,4,4,3,TRUE,3,3,3,0,FALSE,,
2029,3,3,2,TRUE,2,3,3,0,FALSE,,
2030,3,3,2,TRUE,2,2,2,0,FALSE,,
2031,2,2,1,TRUE,1,2,2,0,FALSE,,
2032,2,2,1,TRUE,1,2,2,0,FALSE,,
2033,2,2,1,TRUE,1,3,3,0,FALSE,,
2034,2,2,1,TRUE,1,2,2,0,FALSE,,
2035,3,3,2,TRUE,2,2,2,0,FALSE,,
2036,2,2,1,TRUE,1,2,2,0,FALSE,,
2037,2,2,1,TRUE,1,2,2,0,FALSE,,
2038,2,2,1,TRUE,1,2,2,0,FALSE,,
2039,2,2,1,TRUE,1,3,3,0,FALSE,,
2040,3,3,2,TRUE,2,2,2,0,FALSE,,
2041,2,2,1,TRUE,1,2,2,0,FALSE,,
2042,2,2,1,TRUE,1,3,3,0,FALSE,,
2043,3,3,2,TRUE,2,2,2,0,FALSE,,
2044,2,2,1,TRUE,1,2,2,0,FALSE,,
2045,2,2,1,TRUE,1,2,2,0,FALSE,,
2046,2,2,1,TRUE,1,2,2,0,FALSE,,
2047,2,2,1,TRUE,1,2,2,0,FALSE,,
2048,2,2,1,TRUE,1,2,2,0,FALSE,,
2049,2,2,1,TRUE,1,2,2,0,FALSE,,
2050,2,2,1,TRUE,1,2,2,0,FALSE,,
2051,2,2,1,TRUE,1,2,2,0,FALSE,,
2052,2,2,1,TRUE,1,2,2,0,FALSE,,
2053,3,3,2,TRUE,2,3,3,0,FALSE,,
2054,2,2,1,TRUE,1,2,2,0,FALSE,,
2055,2,2,1,TRUE,1,2,2,0,FALSE,,
2056,2,2,1,TRUE,1,4,4,0,FALSE,,
2057,4,4,3,TRUE,3,3,3,0,FALSE,,
2058,3,3,2,TRUE,2,3,3,0,FALSE,,
2059,3,3,2,TRUE,2,3,3,0,FALSE,,
2060,3,3,2,TRUE,2,3,3,0,FALSE,,
2061,3,3,2,TRUE,2,3,3,0,FALSE,,
2062,3,3,2,TRUE,2,3,3,0,FALSE,,
2063,3,3,2,TRUE,2,3,3,0,FALSE,,
2064,3,3,2,TRUE,2,3,3,0,FALSE,,
2065,3,3,2,TRUE,2,3,3,0,FALSE,,
2066,3,3,2,TRUE,2,3,3,0,FALSE,,
2067,3,3,2,TRUE,2,,,,,,
